base_bid,pred_threshold,won,click,spend,trimmed_bids,CTR,CPM,CPC,blended_score
50,0.05,130451,172,7345407,0,0.0013185027328268852,56307.786065265886,42705.854651162794,0.376441449911868
60,0.05,139045,180,8152200,0,0.0012945449314969973,58629.93994749901,45290.0,0.380884217920294
70,0.05,146289,186,8858002,0,0.0012714558169103624,60551.38800593346,47623.666666666664,0.3834080755448188
80,0.05,152445,191,9493308,0,0.001252910885893273,62273.65935255338,49703.1832460733,0.3851345368974921
90,0.05,157733,193,10064808,0,0.0012235866939701902,63809.14583505037,52149.26424870466,0.38327514752880326
100,0.05,162344,197,10567241,0,0.0012134726260286798,65091.66338146159,53640.817258883246,0.384705171949378
110,0.05,166392,198,11026828,0,0.0011899610558199914,66270.18125871436,55691.0505050505,0.38238035652791
120,0.05,170124,202,11461659,0,0.0011873692130446028,67372.38132185936,56740.88613861386,0.3843549580610678
130,0.05,173482,207,11868172,0,0.0011932073644527962,68411.5470192873,57334.16425120773,0.3879239549549537
140,0.05,176479,208,12223420,0,0.0011786104862334895,69262.74514248154,58766.442307692305,0.3864383088794804
150,0.05,179190,209,12549340,0,0.0011663597298956416,70033.70723812713,60044.688995215314,0.3851884598649478
160,0.05,181663,210,12856898,0,0.0011559866345926249,70773.34404914595,61223.32380952381,0.3840864456809327
170,0.05,183845,210,13128613,0,0.0011422665832630748,71411.31387853899,62517.20476190476,0.38190586565526796
180,0.05,185840,211,13387342,0,0.0011353852776582005,72036.92423590185,63447.11848341232,0.38119622936610187
190,0.05,187627,211,13620377,0,0.0011245716234870248,72592.84111561769,64551.549763033174,0.3793265425390162
200,0.05,189280,211,13834501,0,0.0011147506339814033,73090.13630600169,65566.35545023697,0.3776086400442634
210,0.05,190772,212,14034502,0,0.0011112741911810957,73566.88612584656,66200.48113207547,0.37737053018649963
220,0.05,192244,213,14236566,0,0.0011079669586567071,74054.67010673936,66838.33802816902,0.37711600093387376
230,0.05,193497,214,14411300,0,0.0011059602991260846,74478.15728409226,67342.52336448598,0.37708076196774487
240,0.05,194673,214,14574435,0,0.0010992793042692104,74866.23722858331,68104.83644859813,0.37577234147031646
250,0.05,195748,214,14729295,0,0.001093242331977849,75246.20941210128,68828.48130841121,0.3745304429841707
260,0.05,196755,214,14877778,0,0.0010876470737719499,75615.75563518082,69522.32710280374,0.3733397813550678
270,0.05,197733,214,15020738,0,0.0010822675021367196,75964.75044630891,70190.3644859813,0.3721934115692502
280,0.05,198601,214,15147479,0,0.0010775373739306449,76270.91001555884,70782.61214953271,0.3711771185051472
290,0.05,199425,214,15271295,0,0.0010730851197191928,76576.63281935564,71361.19158878505,0.3701843643780414
300,0.05,200120,214,15375478,0,0.0010693583849690185,76831.29122526484,71848.02803738318,0.36934903701066635
310,0.05,200839,214,15485497,0,0.0010655301012253596,77104.03357913553,72362.1355140187,0.3684669708687945
320,0.05,201489,214,15584295,0,0.00106209271970182,77345.63673451156,72823.80841121495,0.36767486817803274
330,0.05,202119,214,15681679,0,0.0010587822025638362,77586.36743700493,73278.8738317757,0.3668941409194637
340,0.05,202677,214,15769365,0,0.0010558672172964866,77805.39972468509,73688.6214953271,0.36619119542683004
350,0.05,203196,214,15851863,0,0.0010531703379987795,78012.67249355302,74074.1261682243,0.3655298629871812
360,0.05,203687,215,15930561,0,0.001055541099824731,78210.98548262776,74095.63255813954,0.3662651007317306
370,0.05,204143,215,16004608,0,0.0010531833077793507,78399.00461931097,74440.03720930233,0.3656715458357078
380,0.05,204590,215,16079017,0,0.001050882252309497,78591.41209247764,74786.12558139535,0.3650751233079729
390,0.05,205023,215,16150519,0,0.0010486628329504494,78774.18143330261,75118.69302325581,0.3645019975982934
400,0.05,205379,215,16211278,0,0.0010468451010083796,78933.47421109266,75401.29302325581,0.36401501673232234
410,0.05,205701,215,16267193,0,0.0010452063918016928,79081.74000126397,75661.36279069768,0.36356687737771903
420,0.05,206003,215,16320692,0,0.0010436741212506615,79225.50642466372,75910.19534883721,0.36313811924244344
430,0.05,206281,215,16371077,0,0.0010422675864476126,79362.9902899443,76144.5441860465,0.362734335975042
440,0.05,206582,215,16425309,0,0.0010407489519900087,79509.8750133119,76396.78604651162,0.3622997206578132
450,0.05,206831,215,16469756,0,0.0010394960136536594,79629.04980394623,76603.51627906977,0.36194351818864495
460,0.05,207099,215,16518159,0,0.0010381508360735687,79759.72361044718,76828.64651162791,0.361555621599855
470,0.05,207353,215,16566205,0,0.0010368791384740032,79893.73194504058,77052.11627906977,0.3611706177510552
480,0.05,207596,215,16610549,0,0.0010356654270795198,80013.8201121409,77258.36744186046,0.3608152588953579
490,0.05,207817,215,16651454,0,0.0010345640635751646,80125.56239383688,77448.62325581396,0.3604874682136058
50,0.1,111227,166,6313104,0,0.0014924433815530402,56758.73663768689,38030.74698795181,0.3766050260544129
60,0.1,118904,174,7100950,0,0.0014633654040234138,59720.02623965552,40810.057471264365,0.3811968099747389
70,0.1,125239,180,7784988,0,0.0014372519742252812,62161.05206844513,43249.933333333334,0.3838932674416581
80,0.1,130597,185,8398148,0,0.0014165715904653246,64305.82632066586,45395.394594594596,0.38579582906795995
90,0.1,135150,187,8946148,0,0.0013836477987421384,66194.21383647798,47840.36363636364,0.3841226398993711
100,0.1,139014,191,9421574,0,0.0013739623347288762,67774.2817270203,49327.61256544503,0.38576893462190986
110,0.1,142263,192,9849400,0,0.0013496130406360051,69233.74313770974,51298.958333333336,0.38369778833849977
120,0.1,145198,195,10249576,0,0.0013429937051474539,70590.33870989959,52561.928205128206,0.3845839797616646
130,0.1,147808,200,10620531,0,0.0013531067330591036,71853.56002381469,53102.655,0.38843957809380225
140,0.1,150040,201,10936613,0,0.001339642761930152,72891.31564916023,54411.00995024876,0.3872678264718742
150,0.1,151966,202,11220648,0,0.0013292446994722503,73836.56870615795,55547.762376237624,0.3863539838042816
160,0.1,153706,203,11486187,0,0.0013207031605792878,74728.29297490013,56582.20197044335,0.38558903739847145
170,0.1,155144,203,11712411,0,0.0013084618161192183,75493.80575465373,57696.60591133005,0.3837731247262414
180,0.1,156457,204,11927294,0,0.0013038726295403849,76233.68721118262,58467.12745098039,0.38341540249658834
190,0.1,157581,204,12114165,0,0.001294572315190283,76875.79720905439,59383.16176470588,0.3819157843394133
200,0.1,158553,204,12279254,0,0.001286636014455734,77445.73738749819,60192.42156862745,0.380591104189046
210,0.1,159429,205,12432400,0,0.0012858388373507956,77980.79395843917,60645.85365853659,0.38072917396413
220,0.1,160283,206,12585692,0,0.0012852267551767811,78521.68976123483,61095.59223300971,0.38086616828667924
230,0.1,160984,207,12714926,0,0.0012858420712617404,78982.54484917756,61424.76328502416,0.38119624030835814
240,0.1,161613,207,12832112,0,0.0012808375563846967,79400.2462673176,61990.87922705314,0.3802562500509197
250,0.1,162200,207,12942961,0,0.0012762022194821208,79796.30702836005,62526.381642512075,0.3793671403824683
260,0.1,162734,207,13048173,0,0.001272014453033785,80180.98860717489,63034.65217391304,0.37852335049924424
270,0.1,163232,207,13145789,0,0.0012681336992746521,80534.38663987453,63506.22705314009,0.37774048212236466
280,0.1,163646,207,13227864,0,0.0012649255099421923,80832.18654901434,63902.72463768116,0.3770822780276984
290,0.1,164040,207,13307711,0,0.0012618873445501097,81124.79273347964,64288.45893719807,0.37644198294500236
300,0.1,164363,207,13372770,0,0.0012594075308919892,81361.19442940321,64602.75362318841,0.3759202710381733
310,0.1,164686,207,13439911,0,0.0012569374445915258,81609.31105254848,64927.106280193235,0.3753819079950231
320,0.1,164967,207,13497347,0,0.0012547964138282203,81818.46672364775,65204.57487922705,0.3749213494796414
330,0.1,165224,207,13552007,0,0.001252844623057183,82022.02464532998,65468.63285024155,0.3744830935842559
340,0.1,165443,207,13599799,0,0.0012511862091475613,82202.32345883476,65699.51207729468,0.37409992837730105
350,0.1,165633,207,13642039,0,0.0012497509554255492,82363.049633829,65903.57004830918,0.37376129075044007
360,0.1,165801,208,13679993,0,0.0012545159558748139,82508.50718632578,65769.19711538461,0.374823677614301
370,0.1,165941,208,13711602,0,0.0012534575541909474,82629.38032192165,65921.16346153847,0.3745702764134591
380,0.1,166094,208,13746382,0,0.0012523029128084096,82762.66451527449,66088.375,0.37429145909276784
390,0.1,166225,208,13776680,0,0.0012513159873665212,82879.71123477216,66234.03846153847,0.3740485816300469
400,0.1,166345,208,13804327,0,0.0012504132976644924,82986.12522167784,66366.95673076923,0.3738269542851959
410,0.1,166446,208,13828284,0,0.0012496545426144215,83079.70152481885,66482.13461538461,0.37363491890767087
420,0.1,166529,208,13848235,0,0.0012490317001843522,83158.09858943487,66578.05288461539,0.3734749994864558
430,0.1,166599,208,13865752,0,0.0012485068937988823,83228.30269089251,66662.26923076923,0.37333460108326305
440,0.1,166671,208,13883902,0,0.0012479675528436261,83301.24616759965,66749.52884615384,0.3731891314127854
450,0.1,166718,208,13895929,0,0.001247615734353819,83349.90223011313,66807.35096153847,0.37309273950354055
460,0.1,166756,208,13905829,0,0.0012473314303533306,83390.27681162897,66854.94711538461,0.3730133973515403
470,0.1,166806,208,13918965,0,0.0012469575434936393,83444.03079025933,66918.10096153847,0.3729081224081105
480,0.1,166840,208,13927977,0,0.0012467034284344282,83481.04171661472,66961.42788461539,0.37283589935058087
490,0.1,166863,208,13934214,0,0.001246531585791937,83506.91285665486,66991.41346153847,0.3727859174292596
50,0.15000000000000002,96159,164,5553081,0,0.001705508584739858,57748.94705643777,33860.25,0.38006446992873355
60,0.15000000000000002,102928,172,6309449,0,0.0016710710399502565,61299.63663920411,36682.84302325582,0.38490539806542967
70,0.15000000000000002,108391,177,6957764,0,0.0016329769076768366,64191.34429980349,39309.4011299435,0.3865180128174748
80,0.15000000000000002,112811,181,7526909,0,0.001604453466417282,66721.41014617369,41585.132596685085,0.3874051365513905
90,0.15000000000000002,116497,183,8029034,0,0.0015708559018687176,68920.52155849506,43874.502732240435,0.3860986104963888
100,0.15000000000000002,119518,187,8455059,0,0.0015646178818253319,70742.97595341287,45214.2192513369,0.38814183694091275
110,0.15000000000000002,122047,188,8836021,0,0.0015403901775545487,72398.51040992404,47000.11170212766,0.38644566345241366
120,0.15000000000000002,124255,189,9184402,0,0.001521065550682065,73915.7538932035,48594.71957671957,0.3850125895026138
130,0.15000000000000002,126128,193,9497884,0,0.0015301915514398072,75303.53291893948,49211.83419689119,0.3879638419575381
140,0.15000000000000002,127623,194,9752072,0,0.0015201021759400734,76413.12302641373,50268.41237113402,0.3872889296334246
150,0.15000000000000002,128908,195,9978621,0,0.0015127067365873336,77408.85747975302,51172.415384615386,0.38683647627738454
160,0.15000000000000002,130065,196,10188590,0,0.0015069388382731711,78334.60192980432,51982.602040816324,0.38651747669186387
170,0.15000000000000002,130984,196,10361998,0,0.001496365968362548,79108.88352775911,52867.336734693876,0.38512492625690853
180,0.15000000000000002,131837,197,10527379,0,0.0014942694387766711,79851.47568588486,53438.47208121827,0.3851644663557519
190,0.15000000000000002,132542,197,10666810,0,0.0014863213170164928,80478.71618053145,54146.243654822334,0.3840450442948719
200,0.15000000000000002,133142,197,10787778,0,0.0014796232593772064,81024.60530861787,54760.294416243654,0.38307395126605226
210,0.15000000000000002,133671,198,10896762,0,0.0014812487375720986,81519.26745516979,55034.15151515151,0.3835665283687861
220,0.15000000000000002,134138,199,10998170,0,0.001483546795091622,81991.45655966243,55267.18592964824,0.3841200497611822
230,0.15000000000000002,134509,199,11080250,0,0.001479454906363143,82375.52877502622,55679.64824120603,0.38346136381681795
240,0.15000000000000002,134821,199,11150965,0,0.0014760311820858768,82709.4072881821,56035.0,0.38289393195467925
250,0.15000000000000002,135097,199,11214701,0,0.0014730156850263144,83012.21344663463,56355.281407035174,0.38238253620614954
260,0.15000000000000002,135372,199,11279167,0,0.001470023343084242,83319.7928670626,56679.23115577889,0.3818653120351785
270,0.15000000000000002,135599,199,11333052,0,0.0014675624451507753,83577.69600070798,56950.01005025126,0.38143300158621174
280,0.15000000000000002,135754,199,11370779,0,0.001465886824697615,83760.17649572021,57139.59296482412,0.3811303477759852
290,0.15000000000000002,135903,199,11407805,0,0.0014642796700587918,83940.78865072883,57325.65326633166,0.3808333361986658
300,0.15000000000000002,135989,199,11429970,0,0.0014633536536043357,84050.69527682386,57437.0351758794,0.38065555319043853
310,0.15000000000000002,136081,199,11454091,0,0.0014623643271286955,84171.1260205319,57558.246231155776,0.3804620905272007
320,0.15000000000000002,136130,199,11467216,0,0.0014618379490193198,84237.24381106296,57624.20100502513,0.380356827338146
330,0.15000000000000002,136189,199,11482933,0,0.0014612046494210252,84316.15622407096,57703.18090452261,0.3802307746883469
340,0.15000000000000002,136235,199,11495524,0,0.0014607112709656108,84380.10790178734,57766.452261306535,0.38012979999911917
350,0.15000000000000002,136263,199,11503250,0,0.0014604111167374856,84419.46823422352,57805.27638190955,0.3800678419220051
360,0.15000000000000002,136288,199,11510275,0,0.0014601432261094154,84455.5279995304,57840.57788944724,0.3800115079766911
370,0.15000000000000002,136306,199,11515374,0,0.0014599504057048113,84481.78363388259,57866.20100502513,0.37997061956648875
380,0.15000000000000002,136319,199,11519121,0,0.0014598111781923284,84501.21406407031,57885.030150753766,0.37994057395273256
390,0.15000000000000002,136326,199,11521194,0,0.0014597362205301997,84512.08133444832,57895.4472361809,0.3799239524739014
400,0.15000000000000002,136327,199,11521494,0,0.0014597255129211381,84513.66200385836,57896.95477386934,0.37992154712009696
410,0.15000000000000002,136327,199,11521494,0,0.0014597255129211381,84513.66200385836,57896.95477386934,0.37992154712009696
420,0.15000000000000002,136327,199,11521494,0,0.0014597255129211381,84513.66200385836,57896.95477386934,0.37992154712009696
430,0.15000000000000002,136327,199,11521494,0,0.0014597255129211381,84513.66200385836,57896.95477386934,0.37992154712009696
440,0.15000000000000002,136327,199,11521494,0,0.0014597255129211381,84513.66200385836,57896.95477386934,0.37992154712009696
450,0.15000000000000002,136327,199,11521494,0,0.0014597255129211381,84513.66200385836,57896.95477386934,0.37992154712009696
460,0.15000000000000002,136327,199,11521494,0,0.0014597255129211381,84513.66200385836,57896.95477386934,0.37992154712009696
470,0.15000000000000002,136327,199,11521494,0,0.0014597255129211381,84513.66200385836,57896.95477386934,0.37992154712009696
480,0.15000000000000002,136327,199,11521494,0,0.0014597255129211381,84513.66200385836,57896.95477386934,0.37992154712009696
490,0.15000000000000002,136327,199,11521494,0,0.0014597255129211381,84513.66200385836,57896.95477386934,0.37992154712009696
50,0.2,83191,160,4927954,0,0.001923284970730007,59236.62415405513,30799.7125,0.3797198286671832
60,0.2,88951,168,5635936,0,0.0018886802846511,63360.00719497252,33547.23809523809,0.38494776123323465
70,0.2,93484,173,6231783,0,0.0018505840571648624,66661.49287578624,36021.867052023124,0.38698011893767337
80,0.2,97106,177,6748791,0,0.0018227503964739562,69499.21735011225,38128.76271186441,0.38828468356187334
90,0.2,100015,179,7193162,0,0.0017897315402689597,71920.83187521872,40185.262569832405,0.3874404788610436
100,0.2,102273,183,7556135,0,0.0017893285617905019,73882.01187019057,41290.35519125683,0.3899910388263498
110,0.2,104119,184,7874706,0,0.001767208674689538,75631.78670559647,42797.315217391304,0.38879504724643565
120,0.2,105721,185,8163530,0,0.0017498888584103441,77217.67671512756,44127.18918918919,0.38783943170193247
130,0.2,107049,189,8417555,0,0.001765546618838102,78632.72893721567,44537.328042328045,0.3912696060366918
140,0.2,108117,190,8621951,0,0.0017573554575136196,79746.48760139478,45378.68947368421,0.3909939788196659
150,0.2,108994,191,8797301,0,0.0017523900398187056,80713.62643815255,46059.167539267015,0.3909523324744548
160,0.2,109751,192,8953144,0,0.0017494145839217865,81576.8785705825,46630.958333333336,0.39106773711014264
170,0.2,110285,192,9070384,0,0.0017409439180305572,82244.94718230041,47241.583333333336,0.39012558177719714
180,0.2,110783,193,9181306,0,0.0017421445528646093,82876.4882698609,47571.533678756474,0.3906024424582505
190,0.2,111167,193,9269594,0,0.0017361267282556875,83384.40364496659,48028.98445595855,0.389893129545946
200,0.2,111483,193,9343558,0,0.0017312056546738067,83811.50489312272,48412.21761658031,0.38929895700915507
210,0.2,111734,194,9403740,0,0.001736266490056742,84161.84867632056,48472.886597938144,0.3901836677904829
220,0.2,111945,194,9457343,0,0.001732993880923668,84482.04922059941,48749.19072164949,0.38975320748591635
230,0.2,112089,194,9494586,0,0.0017307675150996084,84705.7784439151,48941.16494845361,0.38945415030300434
240,0.2,112206,194,9525659,0,0.0017289628005632497,84894.3817621161,49101.33505154639,0.38920466394573616
250,0.2,112298,194,9550533,0,0.00172754634989047,85046.33208071381,49229.551546391755,0.3890049637203998
260,0.2,112379,194,9572831,0,0.0017263011772662151,85183.4506446934,49344.489690721646,0.3888259571340877
270,0.2,112427,194,9586425,0,0.0017255641438444502,85267.99612192801,49414.5618556701,0.38871683661737677
280,0.2,112458,194,9595285,0,0.0017250884774760355,85323.27624535382,49460.23195876289,0.3886457187841925
290,0.2,112475,194,9600214,0,0.0017248277394976662,85354.20315625695,49485.63917525773,0.38860615641520335
300,0.2,112480,194,9601708,0,0.00172475106685633,85363.69132290184,49493.34020618557,0.3885941660788827
310,0.2,112480,194,9601708,0,0.00172475106685633,85363.69132290184,49493.34020618557,0.3885941660788827
320,0.2,112480,194,9601708,0,0.00172475106685633,85363.69132290184,49493.34020618557,0.3885941660788827
330,0.2,112480,194,9601708,0,0.00172475106685633,85363.69132290184,49493.34020618557,0.3885941660788827
340,0.2,112480,194,9601708,0,0.00172475106685633,85363.69132290184,49493.34020618557,0.3885941660788827
350,0.2,112480,194,9601708,0,0.00172475106685633,85363.69132290184,49493.34020618557,0.3885941660788827
360,0.2,112480,194,9601708,0,0.00172475106685633,85363.69132290184,49493.34020618557,0.3885941660788827
370,0.2,112480,194,9601708,0,0.00172475106685633,85363.69132290184,49493.34020618557,0.3885941660788827
380,0.2,112480,194,9601708,0,0.00172475106685633,85363.69132290184,49493.34020618557,0.3885941660788827
390,0.2,112480,194,9601708,0,0.00172475106685633,85363.69132290184,49493.34020618557,0.3885941660788827
400,0.2,112480,194,9601708,0,0.00172475106685633,85363.69132290184,49493.34020618557,0.3885941660788827
410,0.2,112480,194,9601708,0,0.00172475106685633,85363.69132290184,49493.34020618557,0.3885941660788827
420,0.2,112480,194,9601708,0,0.00172475106685633,85363.69132290184,49493.34020618557,0.3885941660788827
430,0.2,112480,194,9601708,0,0.00172475106685633,85363.69132290184,49493.34020618557,0.3885941660788827
440,0.2,112480,194,9601708,0,0.00172475106685633,85363.69132290184,49493.34020618557,0.3885941660788827
450,0.2,112480,194,9601708,0,0.00172475106685633,85363.69132290184,49493.34020618557,0.3885941660788827
460,0.2,112480,194,9601708,0,0.00172475106685633,85363.69132290184,49493.34020618557,0.3885941660788827
470,0.2,112480,194,9601708,0,0.00172475106685633,85363.69132290184,49493.34020618557,0.3885941660788827
480,0.2,112480,194,9601708,0,0.00172475106685633,85363.69132290184,49493.34020618557,0.3885941660788827
490,0.2,112480,194,9601708,0,0.00172475106685633,85363.69132290184,49493.34020618557,0.3885941660788827
50,0.25,71628,154,4380697,0,0.002149997207795834,61159.002066231085,28446.084415584417,0.37602942260389793
60,0.25,76523,162,5035447,0,0.0021170105719848934,65803.05267697293,31083.006172839505,0.38168402019508335
70,0.25,80250,167,5572333,0,0.0020809968847352025,69437.17133956387,33367.26347305389,0.3841891071696403
80,0.25,83126,170,6026540,0,0.002045088179390323,72498.85715660563,35450.23529411765,0.38462840590787695
90,0.25,85318,172,6402455,0,0.0020159872477085727,75042.25368620924,37223.57558139535,0.38433380816930884
100,0.25,87005,176,6705419,0,0.002022872248721338,77069.35233607264,38098.97159090909,0.38736808412436063
110,0.25,88412,176,6972488,0,0.001990679998190291,78863.59317739673,39616.40909090909,0.38521543599909513
120,0.25,89599,176,7208144,0,0.001964307637362024,80448.933581848,40955.36363636364,0.383317001818681
130,0.25,90565,179,7410971,0,0.001976480980511235,81830.4090984376,41402.072625698325,0.3857913815811647
140,0.25,91194,180,7548304,0,0.0019738140667149157,82771.93675022479,41935.02222222222,0.3860550204879029
150,0.25,91700,181,7664187,0,0.001973827699018539,83578.9203925845,42343.57458563536,0.3864915996676911
160,0.25,92121,181,7762998,0,0.001964807155805951,84269.5802260071,42889.49171270718,0.3856966013960848
170,0.25,92445,181,7841509,0,0.001957920925955974,84823.50586835416,43323.25414364641,0.38506507028115977
180,0.25,92677,181,7899772,0,0.0019530196273077462,85239.83296826613,43645.14917127072,0.3845965156318357
190,0.25,92840,181,7942178,0,0.001949590693666523,85546.94097371823,43879.4364640884,0.3842555531650151
200,0.25,92951,181,7971922,0,0.001947262536174974,85764.77929231532,44043.76795580111,0.3840164370862693
210,0.25,93024,182,7992077,0,0.001956484348125215,85914.1404368765,43912.51098901099,0.3852234443558808
220,0.25,93095,182,8012341,0,0.001954992212256297,86066.28712605403,44023.85164835165,0.3850605862879463
230,0.25,93126,182,8021331,0,0.0019543414298906856,86134.17305585979,44073.24725274725,0.38498834089676354
240,0.25,93133,182,8023403,0,0.0019541945389926233,86149.94685020347,44084.631868131866,0.3849716914513145
250,0.25,93133,182,8023403,0,0.0019541945389926233,86149.94685020347,44084.631868131866,0.3849716914513145
260,0.25,93133,182,8023403,0,0.0019541945389926233,86149.94685020347,44084.631868131866,0.3849716914513145
270,0.25,93133,182,8023403,0,0.0019541945389926233,86149.94685020347,44084.631868131866,0.3849716914513145
280,0.25,93133,182,8023403,0,0.0019541945389926233,86149.94685020347,44084.631868131866,0.3849716914513145
290,0.25,93133,182,8023403,0,0.0019541945389926233,86149.94685020347,44084.631868131866,0.3849716914513145
300,0.25,93133,182,8023403,0,0.0019541945389926233,86149.94685020347,44084.631868131866,0.3849716914513145
310,0.25,93133,182,8023403,0,0.0019541945389926233,86149.94685020347,44084.631868131866,0.3849716914513145
320,0.25,93133,182,8023403,0,0.0019541945389926233,86149.94685020347,44084.631868131866,0.3849716914513145
330,0.25,93133,182,8023403,0,0.0019541945389926233,86149.94685020347,44084.631868131866,0.3849716914513145
340,0.25,93133,182,8023403,0,0.0019541945389926233,86149.94685020347,44084.631868131866,0.3849716914513145
350,0.25,93133,182,8023403,0,0.0019541945389926233,86149.94685020347,44084.631868131866,0.3849716914513145
360,0.25,93133,182,8023403,0,0.0019541945389926233,86149.94685020347,44084.631868131866,0.3849716914513145
370,0.25,93133,182,8023403,0,0.0019541945389926233,86149.94685020347,44084.631868131866,0.3849716914513145
380,0.25,93133,182,8023403,0,0.0019541945389926233,86149.94685020347,44084.631868131866,0.3849716914513145
390,0.25,93133,182,8023403,0,0.0019541945389926233,86149.94685020347,44084.631868131866,0.3849716914513145
400,0.25,93133,182,8023403,0,0.0019541945389926233,86149.94685020347,44084.631868131866,0.3849716914513145
410,0.25,93133,182,8023403,0,0.0019541945389926233,86149.94685020347,44084.631868131866,0.3849716914513145
420,0.25,93133,182,8023403,0,0.0019541945389926233,86149.94685020347,44084.631868131866,0.3849716914513145
430,0.25,93133,182,8023403,0,0.0019541945389926233,86149.94685020347,44084.631868131866,0.3849716914513145
440,0.25,93133,182,8023403,0,0.0019541945389926233,86149.94685020347,44084.631868131866,0.3849716914513145
450,0.25,93133,182,8023403,0,0.0019541945389926233,86149.94685020347,44084.631868131866,0.3849716914513145
460,0.25,93133,182,8023403,0,0.0019541945389926233,86149.94685020347,44084.631868131866,0.3849716914513145
470,0.25,93133,182,8023403,0,0.0019541945389926233,86149.94685020347,44084.631868131866,0.3849716914513145
480,0.25,93133,182,8023403,0,0.0019541945389926233,86149.94685020347,44084.631868131866,0.3849716914513145
490,0.25,93133,182,8023403,0,0.0019541945389926233,86149.94685020347,44084.631868131866,0.3849716914513145
50,0.3,61662,150,3890056,0,0.0024326165223314197,63086.76332262982,25933.706666666665,0.3746413148066202
60,0.3,65735,158,4482619,0,0.002403590172662965,68192.272001217,28371.006329113923,0.3807953885408769
70,0.3,68687,162,4950682,0,0.0023585249028200386,72075.96779594393,30559.765432098764,0.3824828973605009
80,0.3,70934,164,5340508,0,0.002312008345786224,75288.40894352496,32564.073170731706,0.3820683038092567
90,0.3,72628,166,5658164,0,0.0022856198711240843,77906.09682216225,34085.32530120482,0.38224113429919837
100,0.3,73915,170,5909485,0,0.0022999391192586077,79949.73956571738,34761.67647058824,0.38569227137781115
110,0.3,74936,170,6120371,0,0.002268602540834846,81674.64236148179,36002.18235294118,0.38398951508859924
120,0.3,75674,170,6285039,0,0.0022464783148769723,83054.14012738853,36970.81764705882,0.3826611089756203
130,0.3,76307,172,6431684,0,0.002254052708139489,84286.9461517292,37393.51162790698,0.3842190088995243
140,0.3,76694,172,6524157,0,0.002242678697160143,85067.37163272225,37931.145348837206,0.38347353789403466
150,0.3,76976,173,6595166,0,0.0022474537518187487,85678.21139056329,38122.346820809245,0.38427148978500025
160,0.3,77153,173,6642106,0,0.002242297771959613,86090.0548261247,38393.67630057804,0.3838933917950707
170,0.3,77281,173,6676835,0,0.00223858386925635,86396.85045483365,38594.42196531792,0.3836137028437191
180,0.3,77360,173,6698855,0,0.0022362978283350567,86593.2652533609,38721.705202312136,0.38343639982325844
190,0.3,77406,173,6711957,0,0.0022349688654626255,86711.06890938686,38797.439306358385,0.38333091934182223
200,0.3,77415,173,6714601,0,0.0022347090357165925,86735.14176839113,38812.722543352604,0.38330963742694923
210,0.3,77415,173,6714601,0,0.0022347090357165925,86735.14176839113,38812.722543352604,0.38330963742694923
220,0.3,77415,173,6714601,0,0.0022347090357165925,86735.14176839113,38812.722543352604,0.38330963742694923
230,0.3,77415,173,6714601,0,0.0022347090357165925,86735.14176839113,38812.722543352604,0.38330963742694923
240,0.3,77415,173,6714601,0,0.0022347090357165925,86735.14176839113,38812.722543352604,0.38330963742694923
250,0.3,77415,173,6714601,0,0.0022347090357165925,86735.14176839113,38812.722543352604,0.38330963742694923
260,0.3,77415,173,6714601,0,0.0022347090357165925,86735.14176839113,38812.722543352604,0.38330963742694923
270,0.3,77415,173,6714601,0,0.0022347090357165925,86735.14176839113,38812.722543352604,0.38330963742694923
280,0.3,77415,173,6714601,0,0.0022347090357165925,86735.14176839113,38812.722543352604,0.38330963742694923
290,0.3,77415,173,6714601,0,0.0022347090357165925,86735.14176839113,38812.722543352604,0.38330963742694923
300,0.3,77415,173,6714601,0,0.0022347090357165925,86735.14176839113,38812.722543352604,0.38330963742694923
310,0.3,77415,173,6714601,0,0.0022347090357165925,86735.14176839113,38812.722543352604,0.38330963742694923
320,0.3,77415,173,6714601,0,0.0022347090357165925,86735.14176839113,38812.722543352604,0.38330963742694923
330,0.3,77415,173,6714601,0,0.0022347090357165925,86735.14176839113,38812.722543352604,0.38330963742694923
340,0.3,77415,173,6714601,0,0.0022347090357165925,86735.14176839113,38812.722543352604,0.38330963742694923
350,0.3,77415,173,6714601,0,0.0022347090357165925,86735.14176839113,38812.722543352604,0.38330963742694923
360,0.3,77415,173,6714601,0,0.0022347090357165925,86735.14176839113,38812.722543352604,0.38330963742694923
370,0.3,77415,173,6714601,0,0.0022347090357165925,86735.14176839113,38812.722543352604,0.38330963742694923
380,0.3,77415,173,6714601,0,0.0022347090357165925,86735.14176839113,38812.722543352604,0.38330963742694923
390,0.3,77415,173,6714601,0,0.0022347090357165925,86735.14176839113,38812.722543352604,0.38330963742694923
400,0.3,77415,173,6714601,0,0.0022347090357165925,86735.14176839113,38812.722543352604,0.38330963742694923
410,0.3,77415,173,6714601,0,0.0022347090357165925,86735.14176839113,38812.722543352604,0.38330963742694923
420,0.3,77415,173,6714601,0,0.0022347090357165925,86735.14176839113,38812.722543352604,0.38330963742694923
430,0.3,77415,173,6714601,0,0.0022347090357165925,86735.14176839113,38812.722543352604,0.38330963742694923
440,0.3,77415,173,6714601,0,0.0022347090357165925,86735.14176839113,38812.722543352604,0.38330963742694923
450,0.3,77415,173,6714601,0,0.0022347090357165925,86735.14176839113,38812.722543352604,0.38330963742694923
460,0.3,77415,173,6714601,0,0.0022347090357165925,86735.14176839113,38812.722543352604,0.38330963742694923
470,0.3,77415,173,6714601,0,0.0022347090357165925,86735.14176839113,38812.722543352604,0.38330963742694923
480,0.3,77415,173,6714601,0,0.0022347090357165925,86735.14176839113,38812.722543352604,0.38330963742694923
490,0.3,77415,173,6714601,0,0.0022347090357165925,86735.14176839113,38812.722543352604,0.38330963742694923
50,0.35000000000000003,52709,147,3440558,0,0.002788897531730824,65274.58308827714,23405.156462585033,0.3743245302204109
60,0.35000000000000003,56090,155,3971280,0,0.0027634159386699946,70801.9254769121,25621.16129032258,0.3809751043329714
70,0.35000000000000003,58467,158,4378869,0,0.0027023791198453827,74894.70983631792,27714.36075949367,0.3817747830144681
80,0.35000000000000003,60253,160,4712680,0,0.002655469437206446,78214.86067083797,29454.25,0.3818081129004214
90,0.35000000000000003,61597,162,4982229,0,0.0026299982141987435,80884.28007857525,30754.5,0.3823662580161903
100,0.35000000000000003,62466,166,5168747,0,0.002657445650433836,82744.96526110204,31137.030120481926,0.3863423831888533
110,0.35000000000000003,63136,166,5320811,0,0.002629244804865687,84275.38963507349,32053.078313253012,0.3851117707660692
120,0.35000000000000003,63644,166,5442380,0,0.0026082584375589214,85512.85274338508,32785.42168674699,0.38412872558241584
130,0.35000000000000003,64005,167,5533760,0,0.0026091711585032418,86458.24544957426,33136.2874251497,0.38476177830652436
140,0.35000000000000003,64183,167,5580847,0,0.002601935091846751,86952.10569777043,33418.245508982036,0.3843814642731961
150,0.35000000000000003,64306,168,5614738,0,0.0026125089416228655,87312.81684446242,33421.05952380953,0.3854792595617205
160,0.35000000000000003,64382,168,5636474,0,0.002609424994563698,87547.357957193,33550.44047619047,0.385303829588191
170,0.35000000000000003,64405,168,5643197,0,0.002608493129415418,87620.47977641487,33590.458333333336,0.3852495796556168
180,0.35000000000000003,64406,168,5643497,0,0.0026084526286370836,87623.77728783032,33592.244047619046,0.38524715940522763
190,0.35000000000000003,64406,168,5643497,0,0.0026084526286370836,87623.77728783032,33592.244047619046,0.38524715940522763
200,0.35000000000000003,64406,168,5643497,0,0.0026084526286370836,87623.77728783032,33592.244047619046,0.38524715940522763
210,0.35000000000000003,64406,168,5643497,0,0.0026084526286370836,87623.77728783032,33592.244047619046,0.38524715940522763
220,0.35000000000000003,64406,168,5643497,0,0.0026084526286370836,87623.77728783032,33592.244047619046,0.38524715940522763
230,0.35000000000000003,64406,168,5643497,0,0.0026084526286370836,87623.77728783032,33592.244047619046,0.38524715940522763
240,0.35000000000000003,64406,168,5643497,0,0.0026084526286370836,87623.77728783032,33592.244047619046,0.38524715940522763
250,0.35000000000000003,64406,168,5643497,0,0.0026084526286370836,87623.77728783032,33592.244047619046,0.38524715940522763
260,0.35000000000000003,64406,168,5643497,0,0.0026084526286370836,87623.77728783032,33592.244047619046,0.38524715940522763
270,0.35000000000000003,64406,168,5643497,0,0.0026084526286370836,87623.77728783032,33592.244047619046,0.38524715940522763
280,0.35000000000000003,64406,168,5643497,0,0.0026084526286370836,87623.77728783032,33592.244047619046,0.38524715940522763
290,0.35000000000000003,64406,168,5643497,0,0.0026084526286370836,87623.77728783032,33592.244047619046,0.38524715940522763
300,0.35000000000000003,64406,168,5643497,0,0.0026084526286370836,87623.77728783032,33592.244047619046,0.38524715940522763
310,0.35000000000000003,64406,168,5643497,0,0.0026084526286370836,87623.77728783032,33592.244047619046,0.38524715940522763
320,0.35000000000000003,64406,168,5643497,0,0.0026084526286370836,87623.77728783032,33592.244047619046,0.38524715940522763
330,0.35000000000000003,64406,168,5643497,0,0.0026084526286370836,87623.77728783032,33592.244047619046,0.38524715940522763
340,0.35000000000000003,64406,168,5643497,0,0.0026084526286370836,87623.77728783032,33592.244047619046,0.38524715940522763
350,0.35000000000000003,64406,168,5643497,0,0.0026084526286370836,87623.77728783032,33592.244047619046,0.38524715940522763
360,0.35000000000000003,64406,168,5643497,0,0.0026084526286370836,87623.77728783032,33592.244047619046,0.38524715940522763
370,0.35000000000000003,64406,168,5643497,0,0.0026084526286370836,87623.77728783032,33592.244047619046,0.38524715940522763
380,0.35000000000000003,64406,168,5643497,0,0.0026084526286370836,87623.77728783032,33592.244047619046,0.38524715940522763
390,0.35000000000000003,64406,168,5643497,0,0.0026084526286370836,87623.77728783032,33592.244047619046,0.38524715940522763
400,0.35000000000000003,64406,168,5643497,0,0.0026084526286370836,87623.77728783032,33592.244047619046,0.38524715940522763
410,0.35000000000000003,64406,168,5643497,0,0.0026084526286370836,87623.77728783032,33592.244047619046,0.38524715940522763
420,0.35000000000000003,64406,168,5643497,0,0.0026084526286370836,87623.77728783032,33592.244047619046,0.38524715940522763
430,0.35000000000000003,64406,168,5643497,0,0.0026084526286370836,87623.77728783032,33592.244047619046,0.38524715940522763
440,0.35000000000000003,64406,168,5643497,0,0.0026084526286370836,87623.77728783032,33592.244047619046,0.38524715940522763
450,0.35000000000000003,64406,168,5643497,0,0.0026084526286370836,87623.77728783032,33592.244047619046,0.38524715940522763
460,0.35000000000000003,64406,168,5643497,0,0.0026084526286370836,87623.77728783032,33592.244047619046,0.38524715940522763
470,0.35000000000000003,64406,168,5643497,0,0.0026084526286370836,87623.77728783032,33592.244047619046,0.38524715940522763
480,0.35000000000000003,64406,168,5643497,0,0.0026084526286370836,87623.77728783032,33592.244047619046,0.38524715940522763
490,0.35000000000000003,64406,168,5643497,0,0.0026084526286370836,87623.77728783032,33592.244047619046,0.38524715940522763
50,0.4,44832,142,3024491,0,0.003167380442541042,67462.7721270521,21299.232394366198,0.37102412585763417
60,0.4,47617,150,3494458,0,0.0031501354558246004,73386.77363126614,23296.386666666665,0.3781648582733669
70,0.4,49549,153,3848197,0,0.003087852428908757,77664.47355143394,25151.614379084967,0.379394713850818
80,0.4,50974,155,4131229,0,0.0030407658806450347,81045.80766665359,26653.090322580647,0.3798341873039589
90,0.4,51906,156,4335180,0,0.003005432897930875,83519.82429776904,27789.615384615383,0.37954854917623815
100,0.4,52538,158,4480112,0,0.003007347063078153,85273.7447181088,28355.13924050633,0.3811173229860845
110,0.4,52948,158,4580940,0,0.002984059832288283,86517.71549444739,28993.291139240508,0.3802990553706896
120,0.4,53232,158,4654719,0,0.0029681394649834687,87442.12128043282,29460.24683544304,0.37970086318703716
130,0.4,53406,159,4702500,0,0.0029771935737557577,88051.90428041793,29575.471698113208,0.38068677860505973
140,0.4,53483,159,4724207,0,0.002972907278948451,88331.00237458633,29711.993710691822,0.38051097945765605
150,0.4,53509,159,4731871,0,0.002971462744585023,88431.31062064326,29760.19496855346,0.38044894519047434
160,0.4,53509,159,4731871,0,0.002971462744585023,88431.31062064326,29760.19496855346,0.38044894519047434
170,0.4,53509,159,4731871,0,0.002971462744585023,88431.31062064326,29760.19496855346,0.38044894519047434
180,0.4,53509,159,4731871,0,0.002971462744585023,88431.31062064326,29760.19496855346,0.38044894519047434
190,0.4,53509,159,4731871,0,0.002971462744585023,88431.31062064326,29760.19496855346,0.38044894519047434
200,0.4,53509,159,4731871,0,0.002971462744585023,88431.31062064326,29760.19496855346,0.38044894519047434
210,0.4,53509,159,4731871,0,0.002971462744585023,88431.31062064326,29760.19496855346,0.38044894519047434
220,0.4,53509,159,4731871,0,0.002971462744585023,88431.31062064326,29760.19496855346,0.38044894519047434
230,0.4,53509,159,4731871,0,0.002971462744585023,88431.31062064326,29760.19496855346,0.38044894519047434
240,0.4,53509,159,4731871,0,0.002971462744585023,88431.31062064326,29760.19496855346,0.38044894519047434
250,0.4,53509,159,4731871,0,0.002971462744585023,88431.31062064326,29760.19496855346,0.38044894519047434
260,0.4,53509,159,4731871,0,0.002971462744585023,88431.31062064326,29760.19496855346,0.38044894519047434
270,0.4,53509,159,4731871,0,0.002971462744585023,88431.31062064326,29760.19496855346,0.38044894519047434
280,0.4,53509,159,4731871,0,0.002971462744585023,88431.31062064326,29760.19496855346,0.38044894519047434
290,0.4,53509,159,4731871,0,0.002971462744585023,88431.31062064326,29760.19496855346,0.38044894519047434
300,0.4,53509,159,4731871,0,0.002971462744585023,88431.31062064326,29760.19496855346,0.38044894519047434
310,0.4,53509,159,4731871,0,0.002971462744585023,88431.31062064326,29760.19496855346,0.38044894519047434
320,0.4,53509,159,4731871,0,0.002971462744585023,88431.31062064326,29760.19496855346,0.38044894519047434
330,0.4,53509,159,4731871,0,0.002971462744585023,88431.31062064326,29760.19496855346,0.38044894519047434
340,0.4,53509,159,4731871,0,0.002971462744585023,88431.31062064326,29760.19496855346,0.38044894519047434
350,0.4,53509,159,4731871,0,0.002971462744585023,88431.31062064326,29760.19496855346,0.38044894519047434
360,0.4,53509,159,4731871,0,0.002971462744585023,88431.31062064326,29760.19496855346,0.38044894519047434
370,0.4,53509,159,4731871,0,0.002971462744585023,88431.31062064326,29760.19496855346,0.38044894519047434
380,0.4,53509,159,4731871,0,0.002971462744585023,88431.31062064326,29760.19496855346,0.38044894519047434
390,0.4,53509,159,4731871,0,0.002971462744585023,88431.31062064326,29760.19496855346,0.38044894519047434
400,0.4,53509,159,4731871,0,0.002971462744585023,88431.31062064326,29760.19496855346,0.38044894519047434
410,0.4,53509,159,4731871,0,0.002971462744585023,88431.31062064326,29760.19496855346,0.38044894519047434
420,0.4,53509,159,4731871,0,0.002971462744585023,88431.31062064326,29760.19496855346,0.38044894519047434
430,0.4,53509,159,4731871,0,0.002971462744585023,88431.31062064326,29760.19496855346,0.38044894519047434
440,0.4,53509,159,4731871,0,0.002971462744585023,88431.31062064326,29760.19496855346,0.38044894519047434
450,0.4,53509,159,4731871,0,0.002971462744585023,88431.31062064326,29760.19496855346,0.38044894519047434
460,0.4,53509,159,4731871,0,0.002971462744585023,88431.31062064326,29760.19496855346,0.38044894519047434
470,0.4,53509,159,4731871,0,0.002971462744585023,88431.31062064326,29760.19496855346,0.38044894519047434
480,0.4,53509,159,4731871,0,0.002971462744585023,88431.31062064326,29760.19496855346,0.38044894519047434
490,0.4,53509,159,4731871,0,0.002971462744585023,88431.31062064326,29760.19496855346,0.38044894519047434
50,0.45,38051,138,2648942,0,0.0036267115187511496,69615.56857901237,19195.231884057972,0.3688036379411938
60,0.45,40402,144,3068463,0,0.00356417999108955,75948.29463887926,21308.770833333332,0.37359802235918116
70,0.45,42000,147,3376182,0,0.0035,80385.28571428571,22967.224489795917,0.3751950894545455
80,0.45,42998,149,3591424,0,0.003465277454765338,83525.3732731755,24103.51677852349,0.37618306490920084
90,0.45,43694,149,3752968,0,0.00341007918707374,85892.06756076349,25187.704697986577,0.37486311377535503
100,0.45,44098,150,3851747,0,0.003401514807927797,87345.16304594313,25678.31333333333,0.37543223594941844
110,0.45,44332,150,3913558,0,0.0033835604078318146,88278.3993503564,26090.386666666665,0.3749287707493705
120,0.45,44481,150,3954686,0,0.003372226343832198,88907.30873856253,26364.573333333334,0.37459407971737063
130,0.45,44548,150,3973944,0,0.0033671545299452277,89205.89027565772,26492.96,0.3744374798104272
140,0.45,44550,150,3974538,0,0.003367003367003367,89215.21885521886,26496.92,0.3744326522289562
150,0.45,44550,150,3974538,0,0.003367003367003367,89215.21885521886,26496.92,0.3744326522289562
160,0.45,44550,150,3974538,0,0.003367003367003367,89215.21885521886,26496.92,0.3744326522289562
170,0.45,44550,150,3974538,0,0.003367003367003367,89215.21885521886,26496.92,0.3744326522289562
180,0.45,44550,150,3974538,0,0.003367003367003367,89215.21885521886,26496.92,0.3744326522289562
190,0.45,44550,150,3974538,0,0.003367003367003367,89215.21885521886,26496.92,0.3744326522289562
200,0.45,44550,150,3974538,0,0.003367003367003367,89215.21885521886,26496.92,0.3744326522289562
210,0.45,44550,150,3974538,0,0.003367003367003367,89215.21885521886,26496.92,0.3744326522289562
220,0.45,44550,150,3974538,0,0.003367003367003367,89215.21885521886,26496.92,0.3744326522289562
230,0.45,44550,150,3974538,0,0.003367003367003367,89215.21885521886,26496.92,0.3744326522289562
240,0.45,44550,150,3974538,0,0.003367003367003367,89215.21885521886,26496.92,0.3744326522289562
250,0.45,44550,150,3974538,0,0.003367003367003367,89215.21885521886,26496.92,0.3744326522289562
260,0.45,44550,150,3974538,0,0.003367003367003367,89215.21885521886,26496.92,0.3744326522289562
270,0.45,44550,150,3974538,0,0.003367003367003367,89215.21885521886,26496.92,0.3744326522289562
280,0.45,44550,150,3974538,0,0.003367003367003367,89215.21885521886,26496.92,0.3744326522289562
290,0.45,44550,150,3974538,0,0.003367003367003367,89215.21885521886,26496.92,0.3744326522289562
300,0.45,44550,150,3974538,0,0.003367003367003367,89215.21885521886,26496.92,0.3744326522289562
310,0.45,44550,150,3974538,0,0.003367003367003367,89215.21885521886,26496.92,0.3744326522289562
320,0.45,44550,150,3974538,0,0.003367003367003367,89215.21885521886,26496.92,0.3744326522289562
330,0.45,44550,150,3974538,0,0.003367003367003367,89215.21885521886,26496.92,0.3744326522289562
340,0.45,44550,150,3974538,0,0.003367003367003367,89215.21885521886,26496.92,0.3744326522289562
350,0.45,44550,150,3974538,0,0.003367003367003367,89215.21885521886,26496.92,0.3744326522289562
360,0.45,44550,150,3974538,0,0.003367003367003367,89215.21885521886,26496.92,0.3744326522289562
370,0.45,44550,150,3974538,0,0.003367003367003367,89215.21885521886,26496.92,0.3744326522289562
380,0.45,44550,150,3974538,0,0.003367003367003367,89215.21885521886,26496.92,0.3744326522289562
390,0.45,44550,150,3974538,0,0.003367003367003367,89215.21885521886,26496.92,0.3744326522289562
400,0.45,44550,150,3974538,0,0.003367003367003367,89215.21885521886,26496.92,0.3744326522289562
410,0.45,44550,150,3974538,0,0.003367003367003367,89215.21885521886,26496.92,0.3744326522289562
420,0.45,44550,150,3974538,0,0.003367003367003367,89215.21885521886,26496.92,0.3744326522289562
430,0.45,44550,150,3974538,0,0.003367003367003367,89215.21885521886,26496.92,0.3744326522289562
440,0.45,44550,150,3974538,0,0.003367003367003367,89215.21885521886,26496.92,0.3744326522289562
450,0.45,44550,150,3974538,0,0.003367003367003367,89215.21885521886,26496.92,0.3744326522289562
460,0.45,44550,150,3974538,0,0.003367003367003367,89215.21885521886,26496.92,0.3744326522289562
470,0.45,44550,150,3974538,0,0.003367003367003367,89215.21885521886,26496.92,0.3744326522289562
480,0.45,44550,150,3974538,0,0.003367003367003367,89215.21885521886,26496.92,0.3744326522289562
490,0.45,44550,150,3974538,0,0.003367003367003367,89215.21885521886,26496.92,0.3744326522289562
50,0.5,32274,136,2320716,0,0.004213918324347772,71906.67410299311,17064.08823529412,0.36899577661671934
60,0.5,34303,142,2698517,0,0.004139579628603912,78667.08451155876,19003.640845070422,0.3741180174506656
70,0.5,35495,143,2943727,0,0.004028736441752359,82933.56810818426,20585.503496503497,0.37346455222087616
80,0.5,36262,145,3118287,0,0.003998676300259224,85993.24361590645,21505.427586206897,0.3747803148774024
90,0.5,36734,145,3234626,0,0.003947296782272554,88055.37104589753,22307.76551724138,0.373823913118409
100,0.5,36946,146,3290562,0,0.003951713311319223,89064.09354192606,22538.095890410958,0.3747422697465687
110,0.5,37064,146,3323578,0,0.003939132311677099,89671.32527519965,22764.23287671233,0.37447185124674764
120,0.5,37100,146,3334058,0,0.003935309973045822,89866.79245283018,22836.013698630137,0.374386100077432
130,0.5,37100,146,3334058,0,0.003935309973045822,89866.79245283018,22836.013698630137,0.374386100077432
140,0.5,37100,146,3334058,0,0.003935309973045822,89866.79245283018,22836.013698630137,0.374386100077432
150,0.5,37100,146,3334058,0,0.003935309973045822,89866.79245283018,22836.013698630137,0.374386100077432
160,0.5,37100,146,3334058,0,0.003935309973045822,89866.79245283018,22836.013698630137,0.374386100077432
170,0.5,37100,146,3334058,0,0.003935309973045822,89866.79245283018,22836.013698630137,0.374386100077432
180,0.5,37100,146,3334058,0,0.003935309973045822,89866.79245283018,22836.013698630137,0.374386100077432
190,0.5,37100,146,3334058,0,0.003935309973045822,89866.79245283018,22836.013698630137,0.374386100077432
200,0.5,37100,146,3334058,0,0.003935309973045822,89866.79245283018,22836.013698630137,0.374386100077432
210,0.5,37100,146,3334058,0,0.003935309973045822,89866.79245283018,22836.013698630137,0.374386100077432
220,0.5,37100,146,3334058,0,0.003935309973045822,89866.79245283018,22836.013698630137,0.374386100077432
230,0.5,37100,146,3334058,0,0.003935309973045822,89866.79245283018,22836.013698630137,0.374386100077432
240,0.5,37100,146,3334058,0,0.003935309973045822,89866.79245283018,22836.013698630137,0.374386100077432
250,0.5,37100,146,3334058,0,0.003935309973045822,89866.79245283018,22836.013698630137,0.374386100077432
260,0.5,37100,146,3334058,0,0.003935309973045822,89866.79245283018,22836.013698630137,0.374386100077432
270,0.5,37100,146,3334058,0,0.003935309973045822,89866.79245283018,22836.013698630137,0.374386100077432
280,0.5,37100,146,3334058,0,0.003935309973045822,89866.79245283018,22836.013698630137,0.374386100077432
290,0.5,37100,146,3334058,0,0.003935309973045822,89866.79245283018,22836.013698630137,0.374386100077432
300,0.5,37100,146,3334058,0,0.003935309973045822,89866.79245283018,22836.013698630137,0.374386100077432
310,0.5,37100,146,3334058,0,0.003935309973045822,89866.79245283018,22836.013698630137,0.374386100077432
320,0.5,37100,146,3334058,0,0.003935309973045822,89866.79245283018,22836.013698630137,0.374386100077432
330,0.5,37100,146,3334058,0,0.003935309973045822,89866.79245283018,22836.013698630137,0.374386100077432
340,0.5,37100,146,3334058,0,0.003935309973045822,89866.79245283018,22836.013698630137,0.374386100077432
350,0.5,37100,146,3334058,0,0.003935309973045822,89866.79245283018,22836.013698630137,0.374386100077432
360,0.5,37100,146,3334058,0,0.003935309973045822,89866.79245283018,22836.013698630137,0.374386100077432
370,0.5,37100,146,3334058,0,0.003935309973045822,89866.79245283018,22836.013698630137,0.374386100077432
380,0.5,37100,146,3334058,0,0.003935309973045822,89866.79245283018,22836.013698630137,0.374386100077432
390,0.5,37100,146,3334058,0,0.003935309973045822,89866.79245283018,22836.013698630137,0.374386100077432
400,0.5,37100,146,3334058,0,0.003935309973045822,89866.79245283018,22836.013698630137,0.374386100077432
410,0.5,37100,146,3334058,0,0.003935309973045822,89866.79245283018,22836.013698630137,0.374386100077432
420,0.5,37100,146,3334058,0,0.003935309973045822,89866.79245283018,22836.013698630137,0.374386100077432
430,0.5,37100,146,3334058,0,0.003935309973045822,89866.79245283018,22836.013698630137,0.374386100077432
440,0.5,37100,146,3334058,0,0.003935309973045822,89866.79245283018,22836.013698630137,0.374386100077432
450,0.5,37100,146,3334058,0,0.003935309973045822,89866.79245283018,22836.013698630137,0.374386100077432
460,0.5,37100,146,3334058,0,0.003935309973045822,89866.79245283018,22836.013698630137,0.374386100077432
470,0.5,37100,146,3334058,0,0.003935309973045822,89866.79245283018,22836.013698630137,0.374386100077432
480,0.5,37100,146,3334058,0,0.003935309973045822,89866.79245283018,22836.013698630137,0.374386100077432
490,0.5,37100,146,3334058,0,0.003935309973045822,89866.79245283018,22836.013698630137,0.374386100077432
50,0.55,27148,132,2011356,0,0.004862236628849271,74088.55164284662,15237.545454545454,0.3663402703144246
60,0.55,28859,138,2342782,0,0.004781870473682386,81180.29037735195,16976.681159420288,0.3718304974186594
70,0.55,29752,139,2537952,0,0.004671954826566281,85303.5762301694,18258.64748201439,0.37157781595873773
80,0.55,30300,141,2669503,0,0.004653465346534653,88102.40924092408,18932.64539007092,0.37324343594599463
90,0.55,30585,141,2744472,0,0.00461010299166258,89732.61402648357,19464.340425531915,0.37262200276855856
100,0.55,30705,142,2777680,0,0.004624653965152255,90463.44243608533,19561.12676056338,0.3737272506189398
110,0.55,30739,142,2787650,0,0.004619538696769576,90687.7256904909,19631.338028169015,0.37364493298474843
120,0.55,30739,142,2787650,0,0.004619538696769576,90687.7256904909,19631.338028169015,0.37364493298474843
130,0.55,30739,142,2787650,0,0.004619538696769576,90687.7256904909,19631.338028169015,0.37364493298474843
140,0.55,30739,142,2787650,0,0.004619538696769576,90687.7256904909,19631.338028169015,0.37364493298474843
150,0.55,30739,142,2787650,0,0.004619538696769576,90687.7256904909,19631.338028169015,0.37364493298474843
160,0.55,30739,142,2787650,0,0.004619538696769576,90687.7256904909,19631.338028169015,0.37364493298474843
170,0.55,30739,142,2787650,0,0.004619538696769576,90687.7256904909,19631.338028169015,0.37364493298474843
180,0.55,30739,142,2787650,0,0.004619538696769576,90687.7256904909,19631.338028169015,0.37364493298474843
190,0.55,30739,142,2787650,0,0.004619538696769576,90687.7256904909,19631.338028169015,0.37364493298474843
200,0.55,30739,142,2787650,0,0.004619538696769576,90687.7256904909,19631.338028169015,0.37364493298474843
210,0.55,30739,142,2787650,0,0.004619538696769576,90687.7256904909,19631.338028169015,0.37364493298474843
220,0.55,30739,142,2787650,0,0.004619538696769576,90687.7256904909,19631.338028169015,0.37364493298474843
230,0.55,30739,142,2787650,0,0.004619538696769576,90687.7256904909,19631.338028169015,0.37364493298474843
240,0.55,30739,142,2787650,0,0.004619538696769576,90687.7256904909,19631.338028169015,0.37364493298474843
250,0.55,30739,142,2787650,0,0.004619538696769576,90687.7256904909,19631.338028169015,0.37364493298474843
260,0.55,30739,142,2787650,0,0.004619538696769576,90687.7256904909,19631.338028169015,0.37364493298474843
270,0.55,30739,142,2787650,0,0.004619538696769576,90687.7256904909,19631.338028169015,0.37364493298474843
280,0.55,30739,142,2787650,0,0.004619538696769576,90687.7256904909,19631.338028169015,0.37364493298474843
290,0.55,30739,142,2787650,0,0.004619538696769576,90687.7256904909,19631.338028169015,0.37364493298474843
300,0.55,30739,142,2787650,0,0.004619538696769576,90687.7256904909,19631.338028169015,0.37364493298474843
310,0.55,30739,142,2787650,0,0.004619538696769576,90687.7256904909,19631.338028169015,0.37364493298474843
320,0.55,30739,142,2787650,0,0.004619538696769576,90687.7256904909,19631.338028169015,0.37364493298474843
330,0.55,30739,142,2787650,0,0.004619538696769576,90687.7256904909,19631.338028169015,0.37364493298474843
340,0.55,30739,142,2787650,0,0.004619538696769576,90687.7256904909,19631.338028169015,0.37364493298474843
350,0.55,30739,142,2787650,0,0.004619538696769576,90687.7256904909,19631.338028169015,0.37364493298474843
360,0.55,30739,142,2787650,0,0.004619538696769576,90687.7256904909,19631.338028169015,0.37364493298474843
370,0.55,30739,142,2787650,0,0.004619538696769576,90687.7256904909,19631.338028169015,0.37364493298474843
380,0.55,30739,142,2787650,0,0.004619538696769576,90687.7256904909,19631.338028169015,0.37364493298474843
390,0.55,30739,142,2787650,0,0.004619538696769576,90687.7256904909,19631.338028169015,0.37364493298474843
400,0.55,30739,142,2787650,0,0.004619538696769576,90687.7256904909,19631.338028169015,0.37364493298474843
410,0.55,30739,142,2787650,0,0.004619538696769576,90687.7256904909,19631.338028169015,0.37364493298474843
420,0.55,30739,142,2787650,0,0.004619538696769576,90687.7256904909,19631.338028169015,0.37364493298474843
430,0.55,30739,142,2787650,0,0.004619538696769576,90687.7256904909,19631.338028169015,0.37364493298474843
440,0.55,30739,142,2787650,0,0.004619538696769576,90687.7256904909,19631.338028169015,0.37364493298474843
450,0.55,30739,142,2787650,0,0.004619538696769576,90687.7256904909,19631.338028169015,0.37364493298474843
460,0.55,30739,142,2787650,0,0.004619538696769576,90687.7256904909,19631.338028169015,0.37364493298474843
470,0.55,30739,142,2787650,0,0.004619538696769576,90687.7256904909,19631.338028169015,0.37364493298474843
480,0.55,30739,142,2787650,0,0.004619538696769576,90687.7256904909,19631.338028169015,0.37364493298474843
490,0.55,30739,142,2787650,0,0.004619538696769576,90687.7256904909,19631.338028169015,0.37364493298474843
50,0.6000000000000001,22691,132,1730071,0,0.005817284385879864,76244.81071790578,13106.598484848484,0.36906807419293997
60,0.6000000000000001,24049,138,2006060,0,0.0057382843361470336,83415.52663312404,14536.666666666666,0.3750024803498917
70,0.6000000000000001,24738,139,2163347,0,0.005618885924488641,87450.35977039373,15563.647482014389,0.37504812150769884
80,0.6000000000000001,25106,140,2256476,0,0.005576356249502111,89877.95746036804,16117.685714285713,0.37564546103384194
90,0.6000000000000001,25281,140,2304773,0,0.005537755626755271,91166.21177959733,16462.664285714287,0.37523978472246855
100,0.6000000000000001,25325,140,2317478,0,0.005528134254689042,91509.4965449161,16553.414285714287,0.37513333403643545
110,0.6000000000000001,25325,140,2317478,0,0.005528134254689042,91509.4965449161,16553.414285714287,0.37513333403643545
120,0.6000000000000001,25325,140,2317478,0,0.005528134254689042,91509.4965449161,16553.414285714287,0.37513333403643545
130,0.6000000000000001,25325,140,2317478,0,0.005528134254689042,91509.4965449161,16553.414285714287,0.37513333403643545
140,0.6000000000000001,25325,140,2317478,0,0.005528134254689042,91509.4965449161,16553.414285714287,0.37513333403643545
150,0.6000000000000001,25325,140,2317478,0,0.005528134254689042,91509.4965449161,16553.414285714287,0.37513333403643545
160,0.6000000000000001,25325,140,2317478,0,0.005528134254689042,91509.4965449161,16553.414285714287,0.37513333403643545
170,0.6000000000000001,25325,140,2317478,0,0.005528134254689042,91509.4965449161,16553.414285714287,0.37513333403643545
180,0.6000000000000001,25325,140,2317478,0,0.005528134254689042,91509.4965449161,16553.414285714287,0.37513333403643545
190,0.6000000000000001,25325,140,2317478,0,0.005528134254689042,91509.4965449161,16553.414285714287,0.37513333403643545
200,0.6000000000000001,25325,140,2317478,0,0.005528134254689042,91509.4965449161,16553.414285714287,0.37513333403643545
210,0.6000000000000001,25325,140,2317478,0,0.005528134254689042,91509.4965449161,16553.414285714287,0.37513333403643545
220,0.6000000000000001,25325,140,2317478,0,0.005528134254689042,91509.4965449161,16553.414285714287,0.37513333403643545
230,0.6000000000000001,25325,140,2317478,0,0.005528134254689042,91509.4965449161,16553.414285714287,0.37513333403643545
240,0.6000000000000001,25325,140,2317478,0,0.005528134254689042,91509.4965449161,16553.414285714287,0.37513333403643545
250,0.6000000000000001,25325,140,2317478,0,0.005528134254689042,91509.4965449161,16553.414285714287,0.37513333403643545
260,0.6000000000000001,25325,140,2317478,0,0.005528134254689042,91509.4965449161,16553.414285714287,0.37513333403643545
270,0.6000000000000001,25325,140,2317478,0,0.005528134254689042,91509.4965449161,16553.414285714287,0.37513333403643545
280,0.6000000000000001,25325,140,2317478,0,0.005528134254689042,91509.4965449161,16553.414285714287,0.37513333403643545
290,0.6000000000000001,25325,140,2317478,0,0.005528134254689042,91509.4965449161,16553.414285714287,0.37513333403643545
300,0.6000000000000001,25325,140,2317478,0,0.005528134254689042,91509.4965449161,16553.414285714287,0.37513333403643545
310,0.6000000000000001,25325,140,2317478,0,0.005528134254689042,91509.4965449161,16553.414285714287,0.37513333403643545
320,0.6000000000000001,25325,140,2317478,0,0.005528134254689042,91509.4965449161,16553.414285714287,0.37513333403643545
330,0.6000000000000001,25325,140,2317478,0,0.005528134254689042,91509.4965449161,16553.414285714287,0.37513333403643545
340,0.6000000000000001,25325,140,2317478,0,0.005528134254689042,91509.4965449161,16553.414285714287,0.37513333403643545
350,0.6000000000000001,25325,140,2317478,0,0.005528134254689042,91509.4965449161,16553.414285714287,0.37513333403643545
360,0.6000000000000001,25325,140,2317478,0,0.005528134254689042,91509.4965449161,16553.414285714287,0.37513333403643545
370,0.6000000000000001,25325,140,2317478,0,0.005528134254689042,91509.4965449161,16553.414285714287,0.37513333403643545
380,0.6000000000000001,25325,140,2317478,0,0.005528134254689042,91509.4965449161,16553.414285714287,0.37513333403643545
390,0.6000000000000001,25325,140,2317478,0,0.005528134254689042,91509.4965449161,16553.414285714287,0.37513333403643545
400,0.6000000000000001,25325,140,2317478,0,0.005528134254689042,91509.4965449161,16553.414285714287,0.37513333403643545
410,0.6000000000000001,25325,140,2317478,0,0.005528134254689042,91509.4965449161,16553.414285714287,0.37513333403643545
420,0.6000000000000001,25325,140,2317478,0,0.005528134254689042,91509.4965449161,16553.414285714287,0.37513333403643545
430,0.6000000000000001,25325,140,2317478,0,0.005528134254689042,91509.4965449161,16553.414285714287,0.37513333403643545
440,0.6000000000000001,25325,140,2317478,0,0.005528134254689042,91509.4965449161,16553.414285714287,0.37513333403643545
450,0.6000000000000001,25325,140,2317478,0,0.005528134254689042,91509.4965449161,16553.414285714287,0.37513333403643545
460,0.6000000000000001,25325,140,2317478,0,0.005528134254689042,91509.4965449161,16553.414285714287,0.37513333403643545
470,0.6000000000000001,25325,140,2317478,0,0.005528134254689042,91509.4965449161,16553.414285714287,0.37513333403643545
480,0.6000000000000001,25325,140,2317478,0,0.005528134254689042,91509.4965449161,16553.414285714287,0.37513333403643545
490,0.6000000000000001,25325,140,2317478,0,0.005528134254689042,91509.4965449161,16553.414285714287,0.37513333403643545
50,0.6500000000000001,18822,130,1473995,0,0.006906811178408245,78312.34725321432,11338.423076923076,0.3689341728619314
60,0.6500000000000001,19905,135,1703627,0,0.006782215523737754,85587.89248932428,12619.45925925926,0.37385300085277795
70,0.6500000000000001,20403,136,1822027,0,0.006665686418663922,89301.91638484538,13397.257352941177,0.37421117266387743
80,0.6500000000000001,20631,137,1882768,0,0.006640492462798701,91259.17308904076,13742.83211678832,0.37507628404958115
90,0.6500000000000001,20726,137,1909928,0,0.0066100550033774,92151.30753642767,13941.080291970802,0.3748437853198705
100,0.6500000000000001,20726,137,1909928,0,0.0066100550033774,92151.30753642767,13941.080291970802,0.3748437853198705
110,0.6500000000000001,20726,137,1909928,0,0.0066100550033774,92151.30753642767,13941.080291970802,0.3748437853198705
120,0.6500000000000001,20726,137,1909928,0,0.0066100550033774,92151.30753642767,13941.080291970802,0.3748437853198705
130,0.6500000000000001,20726,137,1909928,0,0.0066100550033774,92151.30753642767,13941.080291970802,0.3748437853198705
140,0.6500000000000001,20726,137,1909928,0,0.0066100550033774,92151.30753642767,13941.080291970802,0.3748437853198705
150,0.6500000000000001,20726,137,1909928,0,0.0066100550033774,92151.30753642767,13941.080291970802,0.3748437853198705
160,0.6500000000000001,20726,137,1909928,0,0.0066100550033774,92151.30753642767,13941.080291970802,0.3748437853198705
170,0.6500000000000001,20726,137,1909928,0,0.0066100550033774,92151.30753642767,13941.080291970802,0.3748437853198705
180,0.6500000000000001,20726,137,1909928,0,0.0066100550033774,92151.30753642767,13941.080291970802,0.3748437853198705
190,0.6500000000000001,20726,137,1909928,0,0.0066100550033774,92151.30753642767,13941.080291970802,0.3748437853198705
200,0.6500000000000001,20726,137,1909928,0,0.0066100550033774,92151.30753642767,13941.080291970802,0.3748437853198705
210,0.6500000000000001,20726,137,1909928,0,0.0066100550033774,92151.30753642767,13941.080291970802,0.3748437853198705
220,0.6500000000000001,20726,137,1909928,0,0.0066100550033774,92151.30753642767,13941.080291970802,0.3748437853198705
230,0.6500000000000001,20726,137,1909928,0,0.0066100550033774,92151.30753642767,13941.080291970802,0.3748437853198705
240,0.6500000000000001,20726,137,1909928,0,0.0066100550033774,92151.30753642767,13941.080291970802,0.3748437853198705
250,0.6500000000000001,20726,137,1909928,0,0.0066100550033774,92151.30753642767,13941.080291970802,0.3748437853198705
260,0.6500000000000001,20726,137,1909928,0,0.0066100550033774,92151.30753642767,13941.080291970802,0.3748437853198705
270,0.6500000000000001,20726,137,1909928,0,0.0066100550033774,92151.30753642767,13941.080291970802,0.3748437853198705
280,0.6500000000000001,20726,137,1909928,0,0.0066100550033774,92151.30753642767,13941.080291970802,0.3748437853198705
290,0.6500000000000001,20726,137,1909928,0,0.0066100550033774,92151.30753642767,13941.080291970802,0.3748437853198705
300,0.6500000000000001,20726,137,1909928,0,0.0066100550033774,92151.30753642767,13941.080291970802,0.3748437853198705
310,0.6500000000000001,20726,137,1909928,0,0.0066100550033774,92151.30753642767,13941.080291970802,0.3748437853198705
320,0.6500000000000001,20726,137,1909928,0,0.0066100550033774,92151.30753642767,13941.080291970802,0.3748437853198705
330,0.6500000000000001,20726,137,1909928,0,0.0066100550033774,92151.30753642767,13941.080291970802,0.3748437853198705
340,0.6500000000000001,20726,137,1909928,0,0.0066100550033774,92151.30753642767,13941.080291970802,0.3748437853198705
350,0.6500000000000001,20726,137,1909928,0,0.0066100550033774,92151.30753642767,13941.080291970802,0.3748437853198705
360,0.6500000000000001,20726,137,1909928,0,0.0066100550033774,92151.30753642767,13941.080291970802,0.3748437853198705
370,0.6500000000000001,20726,137,1909928,0,0.0066100550033774,92151.30753642767,13941.080291970802,0.3748437853198705
380,0.6500000000000001,20726,137,1909928,0,0.0066100550033774,92151.30753642767,13941.080291970802,0.3748437853198705
390,0.6500000000000001,20726,137,1909928,0,0.0066100550033774,92151.30753642767,13941.080291970802,0.3748437853198705
400,0.6500000000000001,20726,137,1909928,0,0.0066100550033774,92151.30753642767,13941.080291970802,0.3748437853198705
410,0.6500000000000001,20726,137,1909928,0,0.0066100550033774,92151.30753642767,13941.080291970802,0.3748437853198705
420,0.6500000000000001,20726,137,1909928,0,0.0066100550033774,92151.30753642767,13941.080291970802,0.3748437853198705
430,0.6500000000000001,20726,137,1909928,0,0.0066100550033774,92151.30753642767,13941.080291970802,0.3748437853198705
440,0.6500000000000001,20726,137,1909928,0,0.0066100550033774,92151.30753642767,13941.080291970802,0.3748437853198705
450,0.6500000000000001,20726,137,1909928,0,0.0066100550033774,92151.30753642767,13941.080291970802,0.3748437853198705
460,0.6500000000000001,20726,137,1909928,0,0.0066100550033774,92151.30753642767,13941.080291970802,0.3748437853198705
470,0.6500000000000001,20726,137,1909928,0,0.0066100550033774,92151.30753642767,13941.080291970802,0.3748437853198705
480,0.6500000000000001,20726,137,1909928,0,0.0066100550033774,92151.30753642767,13941.080291970802,0.3748437853198705
490,0.6500000000000001,20726,137,1909928,0,0.0066100550033774,92151.30753642767,13941.080291970802,0.3748437853198705
50,0.7000000000000001,15194,122,1219993,0,0.008029485323153876,80294.39252336448,9999.942622950819,0.3606184350252133
60,0.7000000000000001,16093,127,1415277,0,0.007891629901199279,87943.64009196546,11143.913385826772,0.3658054171324179
70,0.7000000000000001,16398,127,1492111,0,0.00774484693255275,90993.4748140017,11748.905511811023,0.3651173536480946
80,0.7000000000000001,16527,128,1527877,0,0.00774490228111575,92447.3286137835,11936.5390625,0.36619488968601244
90,0.7000000000000001,16556,128,1536400,0,0.007731336071514858,92800.19328340178,12003.125,0.36611992258121195
100,0.7000000000000001,16556,128,1536400,0,0.007731336071514858,92800.19328340178,12003.125,0.36611992258121195
110,0.7000000000000001,16556,128,1536400,0,0.007731336071514858,92800.19328340178,12003.125,0.36611992258121195
120,0.7000000000000001,16556,128,1536400,0,0.007731336071514858,92800.19328340178,12003.125,0.36611992258121195
130,0.7000000000000001,16556,128,1536400,0,0.007731336071514858,92800.19328340178,12003.125,0.36611992258121195
140,0.7000000000000001,16556,128,1536400,0,0.007731336071514858,92800.19328340178,12003.125,0.36611992258121195
150,0.7000000000000001,16556,128,1536400,0,0.007731336071514858,92800.19328340178,12003.125,0.36611992258121195
160,0.7000000000000001,16556,128,1536400,0,0.007731336071514858,92800.19328340178,12003.125,0.36611992258121195
170,0.7000000000000001,16556,128,1536400,0,0.007731336071514858,92800.19328340178,12003.125,0.36611992258121195
180,0.7000000000000001,16556,128,1536400,0,0.007731336071514858,92800.19328340178,12003.125,0.36611992258121195
190,0.7000000000000001,16556,128,1536400,0,0.007731336071514858,92800.19328340178,12003.125,0.36611992258121195
200,0.7000000000000001,16556,128,1536400,0,0.007731336071514858,92800.19328340178,12003.125,0.36611992258121195
210,0.7000000000000001,16556,128,1536400,0,0.007731336071514858,92800.19328340178,12003.125,0.36611992258121195
220,0.7000000000000001,16556,128,1536400,0,0.007731336071514858,92800.19328340178,12003.125,0.36611992258121195
230,0.7000000000000001,16556,128,1536400,0,0.007731336071514858,92800.19328340178,12003.125,0.36611992258121195
240,0.7000000000000001,16556,128,1536400,0,0.007731336071514858,92800.19328340178,12003.125,0.36611992258121195
250,0.7000000000000001,16556,128,1536400,0,0.007731336071514858,92800.19328340178,12003.125,0.36611992258121195
260,0.7000000000000001,16556,128,1536400,0,0.007731336071514858,92800.19328340178,12003.125,0.36611992258121195
270,0.7000000000000001,16556,128,1536400,0,0.007731336071514858,92800.19328340178,12003.125,0.36611992258121195
280,0.7000000000000001,16556,128,1536400,0,0.007731336071514858,92800.19328340178,12003.125,0.36611992258121195
290,0.7000000000000001,16556,128,1536400,0,0.007731336071514858,92800.19328340178,12003.125,0.36611992258121195
300,0.7000000000000001,16556,128,1536400,0,0.007731336071514858,92800.19328340178,12003.125,0.36611992258121195
310,0.7000000000000001,16556,128,1536400,0,0.007731336071514858,92800.19328340178,12003.125,0.36611992258121195
320,0.7000000000000001,16556,128,1536400,0,0.007731336071514858,92800.19328340178,12003.125,0.36611992258121195
330,0.7000000000000001,16556,128,1536400,0,0.007731336071514858,92800.19328340178,12003.125,0.36611992258121195
340,0.7000000000000001,16556,128,1536400,0,0.007731336071514858,92800.19328340178,12003.125,0.36611992258121195
350,0.7000000000000001,16556,128,1536400,0,0.007731336071514858,92800.19328340178,12003.125,0.36611992258121195
360,0.7000000000000001,16556,128,1536400,0,0.007731336071514858,92800.19328340178,12003.125,0.36611992258121195
370,0.7000000000000001,16556,128,1536400,0,0.007731336071514858,92800.19328340178,12003.125,0.36611992258121195
380,0.7000000000000001,16556,128,1536400,0,0.007731336071514858,92800.19328340178,12003.125,0.36611992258121195
390,0.7000000000000001,16556,128,1536400,0,0.007731336071514858,92800.19328340178,12003.125,0.36611992258121195
400,0.7000000000000001,16556,128,1536400,0,0.007731336071514858,92800.19328340178,12003.125,0.36611992258121195
410,0.7000000000000001,16556,128,1536400,0,0.007731336071514858,92800.19328340178,12003.125,0.36611992258121195
420,0.7000000000000001,16556,128,1536400,0,0.007731336071514858,92800.19328340178,12003.125,0.36611992258121195
430,0.7000000000000001,16556,128,1536400,0,0.007731336071514858,92800.19328340178,12003.125,0.36611992258121195
440,0.7000000000000001,16556,128,1536400,0,0.007731336071514858,92800.19328340178,12003.125,0.36611992258121195
450,0.7000000000000001,16556,128,1536400,0,0.007731336071514858,92800.19328340178,12003.125,0.36611992258121195
460,0.7000000000000001,16556,128,1536400,0,0.007731336071514858,92800.19328340178,12003.125,0.36611992258121195
470,0.7000000000000001,16556,128,1536400,0,0.007731336071514858,92800.19328340178,12003.125,0.36611992258121195
480,0.7000000000000001,16556,128,1536400,0,0.007731336071514858,92800.19328340178,12003.125,0.36611992258121195
490,0.7000000000000001,16556,128,1536400,0,0.007731336071514858,92800.19328340178,12003.125,0.36611992258121195
50,0.7500000000000001,11657,113,971024,0,0.00969374624689028,83299.64828000343,8593.132743362832,0.35116959021435423
60,0.7500000000000001,12322,118,1119072,0,0.009576367472812855,90819.02288589516,9483.661016949152,0.3567446986454974
70,0.7500000000000001,12509,118,1168767,0,0.009433208090175074,93434.08745703094,9904.805084745763,0.35627555895417845
80,0.7500000000000001,12568,118,1185740,0,0.009388924252068746,94345.95798854233,10048.64406779661,0.35611763303512534
90,0.7500000000000001,12568,118,1185740,0,0.009388924252068746,94345.95798854233,10048.64406779661,0.35611763303512534
100,0.7500000000000001,12568,118,1185740,0,0.009388924252068746,94345.95798854233,10048.64406779661,0.35611763303512534
110,0.7500000000000001,12568,118,1185740,0,0.009388924252068746,94345.95798854233,10048.64406779661,0.35611763303512534
120,0.7500000000000001,12568,118,1185740,0,0.009388924252068746,94345.95798854233,10048.64406779661,0.35611763303512534
130,0.7500000000000001,12568,118,1185740,0,0.009388924252068746,94345.95798854233,10048.64406779661,0.35611763303512534
140,0.7500000000000001,12568,118,1185740,0,0.009388924252068746,94345.95798854233,10048.64406779661,0.35611763303512534
150,0.7500000000000001,12568,118,1185740,0,0.009388924252068746,94345.95798854233,10048.64406779661,0.35611763303512534
160,0.7500000000000001,12568,118,1185740,0,0.009388924252068746,94345.95798854233,10048.64406779661,0.35611763303512534
170,0.7500000000000001,12568,118,1185740,0,0.009388924252068746,94345.95798854233,10048.64406779661,0.35611763303512534
180,0.7500000000000001,12568,118,1185740,0,0.009388924252068746,94345.95798854233,10048.64406779661,0.35611763303512534
190,0.7500000000000001,12568,118,1185740,0,0.009388924252068746,94345.95798854233,10048.64406779661,0.35611763303512534
200,0.7500000000000001,12568,118,1185740,0,0.009388924252068746,94345.95798854233,10048.64406779661,0.35611763303512534
210,0.7500000000000001,12568,118,1185740,0,0.009388924252068746,94345.95798854233,10048.64406779661,0.35611763303512534
220,0.7500000000000001,12568,118,1185740,0,0.009388924252068746,94345.95798854233,10048.64406779661,0.35611763303512534
230,0.7500000000000001,12568,118,1185740,0,0.009388924252068746,94345.95798854233,10048.64406779661,0.35611763303512534
240,0.7500000000000001,12568,118,1185740,0,0.009388924252068746,94345.95798854233,10048.64406779661,0.35611763303512534
250,0.7500000000000001,12568,118,1185740,0,0.009388924252068746,94345.95798854233,10048.64406779661,0.35611763303512534
260,0.7500000000000001,12568,118,1185740,0,0.009388924252068746,94345.95798854233,10048.64406779661,0.35611763303512534
270,0.7500000000000001,12568,118,1185740,0,0.009388924252068746,94345.95798854233,10048.64406779661,0.35611763303512534
280,0.7500000000000001,12568,118,1185740,0,0.009388924252068746,94345.95798854233,10048.64406779661,0.35611763303512534
290,0.7500000000000001,12568,118,1185740,0,0.009388924252068746,94345.95798854233,10048.64406779661,0.35611763303512534
300,0.7500000000000001,12568,118,1185740,0,0.009388924252068746,94345.95798854233,10048.64406779661,0.35611763303512534
310,0.7500000000000001,12568,118,1185740,0,0.009388924252068746,94345.95798854233,10048.64406779661,0.35611763303512534
320,0.7500000000000001,12568,118,1185740,0,0.009388924252068746,94345.95798854233,10048.64406779661,0.35611763303512534
330,0.7500000000000001,12568,118,1185740,0,0.009388924252068746,94345.95798854233,10048.64406779661,0.35611763303512534
340,0.7500000000000001,12568,118,1185740,0,0.009388924252068746,94345.95798854233,10048.64406779661,0.35611763303512534
350,0.7500000000000001,12568,118,1185740,0,0.009388924252068746,94345.95798854233,10048.64406779661,0.35611763303512534
360,0.7500000000000001,12568,118,1185740,0,0.009388924252068746,94345.95798854233,10048.64406779661,0.35611763303512534
370,0.7500000000000001,12568,118,1185740,0,0.009388924252068746,94345.95798854233,10048.64406779661,0.35611763303512534
380,0.7500000000000001,12568,118,1185740,0,0.009388924252068746,94345.95798854233,10048.64406779661,0.35611763303512534
390,0.7500000000000001,12568,118,1185740,0,0.009388924252068746,94345.95798854233,10048.64406779661,0.35611763303512534
400,0.7500000000000001,12568,118,1185740,0,0.009388924252068746,94345.95798854233,10048.64406779661,0.35611763303512534
410,0.7500000000000001,12568,118,1185740,0,0.009388924252068746,94345.95798854233,10048.64406779661,0.35611763303512534
420,0.7500000000000001,12568,118,1185740,0,0.009388924252068746,94345.95798854233,10048.64406779661,0.35611763303512534
430,0.7500000000000001,12568,118,1185740,0,0.009388924252068746,94345.95798854233,10048.64406779661,0.35611763303512534
440,0.7500000000000001,12568,118,1185740,0,0.009388924252068746,94345.95798854233,10048.64406779661,0.35611763303512534
450,0.7500000000000001,12568,118,1185740,0,0.009388924252068746,94345.95798854233,10048.64406779661,0.35611763303512534
460,0.7500000000000001,12568,118,1185740,0,0.009388924252068746,94345.95798854233,10048.64406779661,0.35611763303512534
470,0.7500000000000001,12568,118,1185740,0,0.009388924252068746,94345.95798854233,10048.64406779661,0.35611763303512534
480,0.7500000000000001,12568,118,1185740,0,0.009388924252068746,94345.95798854233,10048.64406779661,0.35611763303512534
490,0.7500000000000001,12568,118,1185740,0,0.009388924252068746,94345.95798854233,10048.64406779661,0.35611763303512534
50,0.8,8158,107,719091,0,0.013115959794067173,88145.50134836971,6720.476635514019,0.3467143428061245
60,0.8,8584,111,816293,0,0.01293103448275862,95094.71109040076,7353.990990990991,0.35129880960501564
70,0.8,8689,111,845429,0,0.012774772701116354,97298.76855794682,7616.477477477478,0.3509875907141945
80,0.8,8699,111,848380,0,0.01276008736636395,97526.15243131395,7643.063063063063,0.35095664004681837
90,0.8,8699,111,848380,0,0.01276008736636395,97526.15243131395,7643.063063063063,0.35095664004681837
100,0.8,8699,111,848380,0,0.01276008736636395,97526.15243131395,7643.063063063063,0.35095664004681837
110,0.8,8699,111,848380,0,0.01276008736636395,97526.15243131395,7643.063063063063,0.35095664004681837
120,0.8,8699,111,848380,0,0.01276008736636395,97526.15243131395,7643.063063063063,0.35095664004681837
130,0.8,8699,111,848380,0,0.01276008736636395,97526.15243131395,7643.063063063063,0.35095664004681837
140,0.8,8699,111,848380,0,0.01276008736636395,97526.15243131395,7643.063063063063,0.35095664004681837
150,0.8,8699,111,848380,0,0.01276008736636395,97526.15243131395,7643.063063063063,0.35095664004681837
160,0.8,8699,111,848380,0,0.01276008736636395,97526.15243131395,7643.063063063063,0.35095664004681837
170,0.8,8699,111,848380,0,0.01276008736636395,97526.15243131395,7643.063063063063,0.35095664004681837
180,0.8,8699,111,848380,0,0.01276008736636395,97526.15243131395,7643.063063063063,0.35095664004681837
190,0.8,8699,111,848380,0,0.01276008736636395,97526.15243131395,7643.063063063063,0.35095664004681837
200,0.8,8699,111,848380,0,0.01276008736636395,97526.15243131395,7643.063063063063,0.35095664004681837
210,0.8,8699,111,848380,0,0.01276008736636395,97526.15243131395,7643.063063063063,0.35095664004681837
220,0.8,8699,111,848380,0,0.01276008736636395,97526.15243131395,7643.063063063063,0.35095664004681837
230,0.8,8699,111,848380,0,0.01276008736636395,97526.15243131395,7643.063063063063,0.35095664004681837
240,0.8,8699,111,848380,0,0.01276008736636395,97526.15243131395,7643.063063063063,0.35095664004681837
250,0.8,8699,111,848380,0,0.01276008736636395,97526.15243131395,7643.063063063063,0.35095664004681837
260,0.8,8699,111,848380,0,0.01276008736636395,97526.15243131395,7643.063063063063,0.35095664004681837
270,0.8,8699,111,848380,0,0.01276008736636395,97526.15243131395,7643.063063063063,0.35095664004681837
280,0.8,8699,111,848380,0,0.01276008736636395,97526.15243131395,7643.063063063063,0.35095664004681837
290,0.8,8699,111,848380,0,0.01276008736636395,97526.15243131395,7643.063063063063,0.35095664004681837
300,0.8,8699,111,848380,0,0.01276008736636395,97526.15243131395,7643.063063063063,0.35095664004681837
310,0.8,8699,111,848380,0,0.01276008736636395,97526.15243131395,7643.063063063063,0.35095664004681837
320,0.8,8699,111,848380,0,0.01276008736636395,97526.15243131395,7643.063063063063,0.35095664004681837
330,0.8,8699,111,848380,0,0.01276008736636395,97526.15243131395,7643.063063063063,0.35095664004681837
340,0.8,8699,111,848380,0,0.01276008736636395,97526.15243131395,7643.063063063063,0.35095664004681837
350,0.8,8699,111,848380,0,0.01276008736636395,97526.15243131395,7643.063063063063,0.35095664004681837
360,0.8,8699,111,848380,0,0.01276008736636395,97526.15243131395,7643.063063063063,0.35095664004681837
370,0.8,8699,111,848380,0,0.01276008736636395,97526.15243131395,7643.063063063063,0.35095664004681837
380,0.8,8699,111,848380,0,0.01276008736636395,97526.15243131395,7643.063063063063,0.35095664004681837
390,0.8,8699,111,848380,0,0.01276008736636395,97526.15243131395,7643.063063063063,0.35095664004681837
400,0.8,8699,111,848380,0,0.01276008736636395,97526.15243131395,7643.063063063063,0.35095664004681837
410,0.8,8699,111,848380,0,0.01276008736636395,97526.15243131395,7643.063063063063,0.35095664004681837
420,0.8,8699,111,848380,0,0.01276008736636395,97526.15243131395,7643.063063063063,0.35095664004681837
430,0.8,8699,111,848380,0,0.01276008736636395,97526.15243131395,7643.063063063063,0.35095664004681837
440,0.8,8699,111,848380,0,0.01276008736636395,97526.15243131395,7643.063063063063,0.35095664004681837
450,0.8,8699,111,848380,0,0.01276008736636395,97526.15243131395,7643.063063063063,0.35095664004681837
460,0.8,8699,111,848380,0,0.01276008736636395,97526.15243131395,7643.063063063063,0.35095664004681837
470,0.8,8699,111,848380,0,0.01276008736636395,97526.15243131395,7643.063063063063,0.35095664004681837
480,0.8,8699,111,848380,0,0.01276008736636395,97526.15243131395,7643.063063063063,0.35095664004681837
490,0.8,8699,111,848380,0,0.01276008736636395,97526.15243131395,7643.063063063063,0.35095664004681837
50,0.8500000000000001,5050,96,488477,0,0.01900990099009901,96728.1188118812,5088.302083333333,0.33650622540414044
60,0.8500000000000001,5265,98,538874,0,0.018613485280151946,102350.23741690408,5498.714285714285,0.3386321142764396
70,0.8500000000000001,5330,98,557382,0,0.018386491557223265,104574.48405253283,5687.571428571428,0.33837055341497524
80,0.8500000000000001,5332,98,557982,0,0.01837959489872468,104647.78694673668,5693.693877551021,0.33836230508572596
90,0.8500000000000001,5332,98,557982,0,0.01837959489872468,104647.78694673668,5693.693877551021,0.33836230508572596
100,0.8500000000000001,5332,98,557982,0,0.01837959489872468,104647.78694673668,5693.693877551021,0.33836230508572596
110,0.8500000000000001,5332,98,557982,0,0.01837959489872468,104647.78694673668,5693.693877551021,0.33836230508572596
120,0.8500000000000001,5332,98,557982,0,0.01837959489872468,104647.78694673668,5693.693877551021,0.33836230508572596
130,0.8500000000000001,5332,98,557982,0,0.01837959489872468,104647.78694673668,5693.693877551021,0.33836230508572596
140,0.8500000000000001,5332,98,557982,0,0.01837959489872468,104647.78694673668,5693.693877551021,0.33836230508572596
150,0.8500000000000001,5332,98,557982,0,0.01837959489872468,104647.78694673668,5693.693877551021,0.33836230508572596
160,0.8500000000000001,5332,98,557982,0,0.01837959489872468,104647.78694673668,5693.693877551021,0.33836230508572596
170,0.8500000000000001,5332,98,557982,0,0.01837959489872468,104647.78694673668,5693.693877551021,0.33836230508572596
180,0.8500000000000001,5332,98,557982,0,0.01837959489872468,104647.78694673668,5693.693877551021,0.33836230508572596
190,0.8500000000000001,5332,98,557982,0,0.01837959489872468,104647.78694673668,5693.693877551021,0.33836230508572596
200,0.8500000000000001,5332,98,557982,0,0.01837959489872468,104647.78694673668,5693.693877551021,0.33836230508572596
210,0.8500000000000001,5332,98,557982,0,0.01837959489872468,104647.78694673668,5693.693877551021,0.33836230508572596
220,0.8500000000000001,5332,98,557982,0,0.01837959489872468,104647.78694673668,5693.693877551021,0.33836230508572596
230,0.8500000000000001,5332,98,557982,0,0.01837959489872468,104647.78694673668,5693.693877551021,0.33836230508572596
240,0.8500000000000001,5332,98,557982,0,0.01837959489872468,104647.78694673668,5693.693877551021,0.33836230508572596
250,0.8500000000000001,5332,98,557982,0,0.01837959489872468,104647.78694673668,5693.693877551021,0.33836230508572596
260,0.8500000000000001,5332,98,557982,0,0.01837959489872468,104647.78694673668,5693.693877551021,0.33836230508572596
270,0.8500000000000001,5332,98,557982,0,0.01837959489872468,104647.78694673668,5693.693877551021,0.33836230508572596
280,0.8500000000000001,5332,98,557982,0,0.01837959489872468,104647.78694673668,5693.693877551021,0.33836230508572596
290,0.8500000000000001,5332,98,557982,0,0.01837959489872468,104647.78694673668,5693.693877551021,0.33836230508572596
300,0.8500000000000001,5332,98,557982,0,0.01837959489872468,104647.78694673668,5693.693877551021,0.33836230508572596
310,0.8500000000000001,5332,98,557982,0,0.01837959489872468,104647.78694673668,5693.693877551021,0.33836230508572596
320,0.8500000000000001,5332,98,557982,0,0.01837959489872468,104647.78694673668,5693.693877551021,0.33836230508572596
330,0.8500000000000001,5332,98,557982,0,0.01837959489872468,104647.78694673668,5693.693877551021,0.33836230508572596
340,0.8500000000000001,5332,98,557982,0,0.01837959489872468,104647.78694673668,5693.693877551021,0.33836230508572596
350,0.8500000000000001,5332,98,557982,0,0.01837959489872468,104647.78694673668,5693.693877551021,0.33836230508572596
360,0.8500000000000001,5332,98,557982,0,0.01837959489872468,104647.78694673668,5693.693877551021,0.33836230508572596
370,0.8500000000000001,5332,98,557982,0,0.01837959489872468,104647.78694673668,5693.693877551021,0.33836230508572596
380,0.8500000000000001,5332,98,557982,0,0.01837959489872468,104647.78694673668,5693.693877551021,0.33836230508572596
390,0.8500000000000001,5332,98,557982,0,0.01837959489872468,104647.78694673668,5693.693877551021,0.33836230508572596
400,0.8500000000000001,5332,98,557982,0,0.01837959489872468,104647.78694673668,5693.693877551021,0.33836230508572596
410,0.8500000000000001,5332,98,557982,0,0.01837959489872468,104647.78694673668,5693.693877551021,0.33836230508572596
420,0.8500000000000001,5332,98,557982,0,0.01837959489872468,104647.78694673668,5693.693877551021,0.33836230508572596
430,0.8500000000000001,5332,98,557982,0,0.01837959489872468,104647.78694673668,5693.693877551021,0.33836230508572596
440,0.8500000000000001,5332,98,557982,0,0.01837959489872468,104647.78694673668,5693.693877551021,0.33836230508572596
450,0.8500000000000001,5332,98,557982,0,0.01837959489872468,104647.78694673668,5693.693877551021,0.33836230508572596
460,0.8500000000000001,5332,98,557982,0,0.01837959489872468,104647.78694673668,5693.693877551021,0.33836230508572596
470,0.8500000000000001,5332,98,557982,0,0.01837959489872468,104647.78694673668,5693.693877551021,0.33836230508572596
480,0.8500000000000001,5332,98,557982,0,0.01837959489872468,104647.78694673668,5693.693877551021,0.33836230508572596
490,0.8500000000000001,5332,98,557982,0,0.01837959489872468,104647.78694673668,5693.693877551021,0.33836230508572596
50,0.9000000000000001,2548,86,267984,0,0.033751962323390894,105174.25431711145,3116.093023255814,0.33200483643442275
60,0.9000000000000001,2597,88,280545,0,0.033885252214093185,108026.56911821333,3188.0113636363635,0.33469826610704656
70,0.9000000000000001,2621,88,287533,0,0.03357497138496757,109703.54826402136,3267.4204545454545,0.3344872216924838
80,0.9000000000000001,2621,88,287533,0,0.03357497138496757,109703.54826402136,3267.4204545454545,0.3344872216924838
90,0.9000000000000001,2621,88,287533,0,0.03357497138496757,109703.54826402136,3267.4204545454545,0.3344872216924838
100,0.9000000000000001,2621,88,287533,0,0.03357497138496757,109703.54826402136,3267.4204545454545,0.3344872216924838
110,0.9000000000000001,2621,88,287533,0,0.03357497138496757,109703.54826402136,3267.4204545454545,0.3344872216924838
120,0.9000000000000001,2621,88,287533,0,0.03357497138496757,109703.54826402136,3267.4204545454545,0.3344872216924838
130,0.9000000000000001,2621,88,287533,0,0.03357497138496757,109703.54826402136,3267.4204545454545,0.3344872216924838
140,0.9000000000000001,2621,88,287533,0,0.03357497138496757,109703.54826402136,3267.4204545454545,0.3344872216924838
150,0.9000000000000001,2621,88,287533,0,0.03357497138496757,109703.54826402136,3267.4204545454545,0.3344872216924838
160,0.9000000000000001,2621,88,287533,0,0.03357497138496757,109703.54826402136,3267.4204545454545,0.3344872216924838
170,0.9000000000000001,2621,88,287533,0,0.03357497138496757,109703.54826402136,3267.4204545454545,0.3344872216924838
180,0.9000000000000001,2621,88,287533,0,0.03357497138496757,109703.54826402136,3267.4204545454545,0.3344872216924838
190,0.9000000000000001,2621,88,287533,0,0.03357497138496757,109703.54826402136,3267.4204545454545,0.3344872216924838
200,0.9000000000000001,2621,88,287533,0,0.03357497138496757,109703.54826402136,3267.4204545454545,0.3344872216924838
210,0.9000000000000001,2621,88,287533,0,0.03357497138496757,109703.54826402136,3267.4204545454545,0.3344872216924838
220,0.9000000000000001,2621,88,287533,0,0.03357497138496757,109703.54826402136,3267.4204545454545,0.3344872216924838
230,0.9000000000000001,2621,88,287533,0,0.03357497138496757,109703.54826402136,3267.4204545454545,0.3344872216924838
240,0.9000000000000001,2621,88,287533,0,0.03357497138496757,109703.54826402136,3267.4204545454545,0.3344872216924838
250,0.9000000000000001,2621,88,287533,0,0.03357497138496757,109703.54826402136,3267.4204545454545,0.3344872216924838
260,0.9000000000000001,2621,88,287533,0,0.03357497138496757,109703.54826402136,3267.4204545454545,0.3344872216924838
270,0.9000000000000001,2621,88,287533,0,0.03357497138496757,109703.54826402136,3267.4204545454545,0.3344872216924838
280,0.9000000000000001,2621,88,287533,0,0.03357497138496757,109703.54826402136,3267.4204545454545,0.3344872216924838
290,0.9000000000000001,2621,88,287533,0,0.03357497138496757,109703.54826402136,3267.4204545454545,0.3344872216924838
300,0.9000000000000001,2621,88,287533,0,0.03357497138496757,109703.54826402136,3267.4204545454545,0.3344872216924838
310,0.9000000000000001,2621,88,287533,0,0.03357497138496757,109703.54826402136,3267.4204545454545,0.3344872216924838
320,0.9000000000000001,2621,88,287533,0,0.03357497138496757,109703.54826402136,3267.4204545454545,0.3344872216924838
330,0.9000000000000001,2621,88,287533,0,0.03357497138496757,109703.54826402136,3267.4204545454545,0.3344872216924838
340,0.9000000000000001,2621,88,287533,0,0.03357497138496757,109703.54826402136,3267.4204545454545,0.3344872216924838
350,0.9000000000000001,2621,88,287533,0,0.03357497138496757,109703.54826402136,3267.4204545454545,0.3344872216924838
360,0.9000000000000001,2621,88,287533,0,0.03357497138496757,109703.54826402136,3267.4204545454545,0.3344872216924838
370,0.9000000000000001,2621,88,287533,0,0.03357497138496757,109703.54826402136,3267.4204545454545,0.3344872216924838
380,0.9000000000000001,2621,88,287533,0,0.03357497138496757,109703.54826402136,3267.4204545454545,0.3344872216924838
390,0.9000000000000001,2621,88,287533,0,0.03357497138496757,109703.54826402136,3267.4204545454545,0.3344872216924838
400,0.9000000000000001,2621,88,287533,0,0.03357497138496757,109703.54826402136,3267.4204545454545,0.3344872216924838
410,0.9000000000000001,2621,88,287533,0,0.03357497138496757,109703.54826402136,3267.4204545454545,0.3344872216924838
420,0.9000000000000001,2621,88,287533,0,0.03357497138496757,109703.54826402136,3267.4204545454545,0.3344872216924838
430,0.9000000000000001,2621,88,287533,0,0.03357497138496757,109703.54826402136,3267.4204545454545,0.3344872216924838
440,0.9000000000000001,2621,88,287533,0,0.03357497138496757,109703.54826402136,3267.4204545454545,0.3344872216924838
450,0.9000000000000001,2621,88,287533,0,0.03357497138496757,109703.54826402136,3267.4204545454545,0.3344872216924838
460,0.9000000000000001,2621,88,287533,0,0.03357497138496757,109703.54826402136,3267.4204545454545,0.3344872216924838
470,0.9000000000000001,2621,88,287533,0,0.03357497138496757,109703.54826402136,3267.4204545454545,0.3344872216924838
480,0.9000000000000001,2621,88,287533,0,0.03357497138496757,109703.54826402136,3267.4204545454545,0.3344872216924838
490,0.9000000000000001,2621,88,287533,0,0.03357497138496757,109703.54826402136,3267.4204545454545,0.3344872216924838
50,0.9500000000000001,937,72,88059,0,0.0768409818569904,93979.72251867662,1223.0416666666667,0.3358978371103134
60,0.9500000000000001,950,73,91583,0,0.07684210526315789,96403.15789473684,1254.5616438356165,0.33723384317703353
70,0.9500000000000001,955,73,93061,0,0.07643979057591622,97446.07329842933,1274.8082191780823,0.3370208618334127
80,0.9500000000000001,955,73,93061,0,0.07643979057591622,97446.07329842933,1274.8082191780823,0.3370208618334127
90,0.9500000000000001,955,73,93061,0,0.07643979057591622,97446.07329842933,1274.8082191780823,0.3370208618334127
100,0.9500000000000001,955,73,93061,0,0.07643979057591622,97446.07329842933,1274.8082191780823,0.3370208618334127
110,0.9500000000000001,955,73,93061,0,0.07643979057591622,97446.07329842933,1274.8082191780823,0.3370208618334127
120,0.9500000000000001,955,73,93061,0,0.07643979057591622,97446.07329842933,1274.8082191780823,0.3370208618334127
130,0.9500000000000001,955,73,93061,0,0.07643979057591622,97446.07329842933,1274.8082191780823,0.3370208618334127
140,0.9500000000000001,955,73,93061,0,0.07643979057591622,97446.07329842933,1274.8082191780823,0.3370208618334127
150,0.9500000000000001,955,73,93061,0,0.07643979057591622,97446.07329842933,1274.8082191780823,0.3370208618334127
160,0.9500000000000001,955,73,93061,0,0.07643979057591622,97446.07329842933,1274.8082191780823,0.3370208618334127
170,0.9500000000000001,955,73,93061,0,0.07643979057591622,97446.07329842933,1274.8082191780823,0.3370208618334127
180,0.9500000000000001,955,73,93061,0,0.07643979057591622,97446.07329842933,1274.8082191780823,0.3370208618334127
190,0.9500000000000001,955,73,93061,0,0.07643979057591622,97446.07329842933,1274.8082191780823,0.3370208618334127
200,0.9500000000000001,955,73,93061,0,0.07643979057591622,97446.07329842933,1274.8082191780823,0.3370208618334127
210,0.9500000000000001,955,73,93061,0,0.07643979057591622,97446.07329842933,1274.8082191780823,0.3370208618334127
220,0.9500000000000001,955,73,93061,0,0.07643979057591622,97446.07329842933,1274.8082191780823,0.3370208618334127
230,0.9500000000000001,955,73,93061,0,0.07643979057591622,97446.07329842933,1274.8082191780823,0.3370208618334127
240,0.9500000000000001,955,73,93061,0,0.07643979057591622,97446.07329842933,1274.8082191780823,0.3370208618334127
250,0.9500000000000001,955,73,93061,0,0.07643979057591622,97446.07329842933,1274.8082191780823,0.3370208618334127
260,0.9500000000000001,955,73,93061,0,0.07643979057591622,97446.07329842933,1274.8082191780823,0.3370208618334127
270,0.9500000000000001,955,73,93061,0,0.07643979057591622,97446.07329842933,1274.8082191780823,0.3370208618334127
280,0.9500000000000001,955,73,93061,0,0.07643979057591622,97446.07329842933,1274.8082191780823,0.3370208618334127
290,0.9500000000000001,955,73,93061,0,0.07643979057591622,97446.07329842933,1274.8082191780823,0.3370208618334127
300,0.9500000000000001,955,73,93061,0,0.07643979057591622,97446.07329842933,1274.8082191780823,0.3370208618334127
310,0.9500000000000001,955,73,93061,0,0.07643979057591622,97446.07329842933,1274.8082191780823,0.3370208618334127
320,0.9500000000000001,955,73,93061,0,0.07643979057591622,97446.07329842933,1274.8082191780823,0.3370208618334127
330,0.9500000000000001,955,73,93061,0,0.07643979057591622,97446.07329842933,1274.8082191780823,0.3370208618334127
340,0.9500000000000001,955,73,93061,0,0.07643979057591622,97446.07329842933,1274.8082191780823,0.3370208618334127
350,0.9500000000000001,955,73,93061,0,0.07643979057591622,97446.07329842933,1274.8082191780823,0.3370208618334127
360,0.9500000000000001,955,73,93061,0,0.07643979057591622,97446.07329842933,1274.8082191780823,0.3370208618334127
370,0.9500000000000001,955,73,93061,0,0.07643979057591622,97446.07329842933,1274.8082191780823,0.3370208618334127
380,0.9500000000000001,955,73,93061,0,0.07643979057591622,97446.07329842933,1274.8082191780823,0.3370208618334127
390,0.9500000000000001,955,73,93061,0,0.07643979057591622,97446.07329842933,1274.8082191780823,0.3370208618334127
400,0.9500000000000001,955,73,93061,0,0.07643979057591622,97446.07329842933,1274.8082191780823,0.3370208618334127
410,0.9500000000000001,955,73,93061,0,0.07643979057591622,97446.07329842933,1274.8082191780823,0.3370208618334127
420,0.9500000000000001,955,73,93061,0,0.07643979057591622,97446.07329842933,1274.8082191780823,0.3370208618334127
430,0.9500000000000001,955,73,93061,0,0.07643979057591622,97446.07329842933,1274.8082191780823,0.3370208618334127
440,0.9500000000000001,955,73,93061,0,0.07643979057591622,97446.07329842933,1274.8082191780823,0.3370208618334127
450,0.9500000000000001,955,73,93061,0,0.07643979057591622,97446.07329842933,1274.8082191780823,0.3370208618334127
460,0.9500000000000001,955,73,93061,0,0.07643979057591622,97446.07329842933,1274.8082191780823,0.3370208618334127
470,0.9500000000000001,955,73,93061,0,0.07643979057591622,97446.07329842933,1274.8082191780823,0.3370208618334127
480,0.9500000000000001,955,73,93061,0,0.07643979057591622,97446.07329842933,1274.8082191780823,0.3370208618334127
490,0.9500000000000001,955,73,93061,0,0.07643979057591622,97446.07329842933,1274.8082191780823,0.3370208618334127
