base_bid,pred_threshold,variable_bid,won,click,spend,trimmed_bids,CTR,CPM,CPC,blended_score
20,0.1,20,17339,19.0,248063.0,0,0.0010957956052828884,14306.649749120481,13055.947368421053,0.03520293190862428
20,0.2,20,8158,17.0,118626.0,0,0.0020838440794312334,14541.063986271145,6978.0,0.03215939735674965
20,0.30000000000000004,20,4608,15.0,66088.0,0,0.0032552083333333335,14342.01388888889,4405.866666666667,0.02922585227272727
20,0.4,20,2874,13.0,39571.0,0,0.004523312456506611,13768.615170494084,3043.923076923077,0.0263503511102676
20,0.5,20,1926,13.0,24565.0,0,0.006749740394600207,12754.413291796469,1889.6153846153845,0.027686207873123758
20,0.6,20,1303,13.0,15179.0,0,0.009976976208749041,11649.270913277054,1167.6153846153845,0.02962254936161306
20,0.7000000000000001,20,749,11.0,7715.0,0,0.014686248331108143,10300.400534045393,701.3636363636364,0.028811748998664892
20,0.8,20,267,4.0,2572.0,0,0.0149812734082397,9632.958801498127,643.0,0.016261491317671094
20,0.9,20,24,2.0,371.0,0,0.08333333333333333,15458.333333333332,185.5,0.053636363636363635
20,0.1,40,19843,27.0,323985.0,0,0.0013606813485864033,16327.420248954291,11999.444444444445,0.049907317900060935
20,0.2,40,9615,25.0,165362.0,0,0.0026001040041601664,17198.335933437338,6614.48,0.047014607857041556
20,0.30000000000000004,40,5598,24.0,98446.0,0,0.004287245444801715,17585.923544122903,4101.916666666667,0.04620871090324467
20,0.4,40,3548,22.0,62191.0,0,0.0062006764374295375,17528.46674182638,2826.8636363636365,0.04372040586245773
20,0.5,40,2374,20.0,39485.0,0,0.008424599831508003,16632.266217354674,1974.25,0.04141839626254117
20,0.6,40,1571,20.0,24058.0,0,0.012730744748567792,15313.812858052197,1202.9,0.04400208321277704
20,0.7000000000000001,40,875,19.0,11963.0,0,0.021714285714285714,13672.0,629.6315789473684,0.04757402597402598
20,0.8,40,307,10.0,4035.0,0,0.03257328990228013,13143.322475570032,403.5,0.03772579212318626
20,0.9,40,34,6.0,787.0,0,0.17647058823529413,23147.05882352941,131.16666666666666,0.11679144385026738
20,0.1,60,22341,51.0,417540.0,0,0.002282798442325769,18689.40512958238,8187.058823529412,0.0940969517926682
20,0.2,60,11074,48.0,223639.0,0,0.004334477153693336,20194.96117030883,4659.145833333333,0.08987341356494329
20,0.30000000000000004,60,6515,47.0,137488.0,0,0.007214121258633922,21103.30007674597,2925.276595744681,0.0897830182097258
20,0.4,60,4159,43.0,88989.0,0,0.01033902380379899,21396.729983169032,2069.5116279069766,0.08438523246409758
20,0.5,60,2803,40.0,58442.0,0,0.014270424545130217,20849.803781662504,1461.05,0.08128952745435086
20,0.6,60,1843,38.0,36038.0,0,0.020618556701030927,19553.988062940858,948.3684210526316,0.08146204311152765
20,0.7000000000000001,60,1010,32.0,17992.0,0,0.031683168316831684,17813.861386138615,562.25,0.0771917191719172
20,0.8,60,359,21.0,6646.0,0,0.0584958217270195,18512.534818941505,316.4761904761905,0.07327931121802989
20,0.9,60,54,15.0,2022.0,0,0.2777777777777778,37444.444444444445,134.8,0.19393939393939394
20,0.1,80,25060,66.0,538944.0,0,0.002633679169992019,21506.14525139665,8165.818181818182,0.1215802075019952
20,0.2,80,12588,64.0,297471.0,0,0.005084207181442644,23631.3155386082,4647.984375,0.11941416067250195
20,0.30000000000000004,80,7441,62.0,184927.0,0,0.008332213412175783,24852.439188281147,2982.6935483870966,0.1177266007745782
20,0.4,80,4764,60.0,121416.0,0,0.012594458438287154,25486.146095717882,2023.6,0.11664758415388138
20,0.5,80,3214,57.0,80507.0,0,0.01773490976975731,25048.848786558807,1412.4035087719299,0.11427730949821802
20,0.6,80,2114,54.0,50824.0,0,0.02554399243140965,24041.62724692526,941.1851851851852,0.11350821364066398
20,0.7000000000000001,80,1149,47.0,25782.0,0,0.040905134899912966,22438.64229765013,548.5531914893617,0.10999762639449323
20,0.8,80,428,36.0,11003.0,0,0.08411214953271028,25707.943925233645,305.6388888888889,0.11592183517417162
20,0.9,80,85,26.0,4231.0,0,0.3058823529411765,49776.470588235294,162.73076923076923,0.23080213903743316
20,0.1,100,27857,75.0,684274.0,0,0.0026923214990846106,24563.808019528307,9123.653333333334,0.1379790292630871
20,0.2,100,14182,71.0,388262.0,0,0.005006346072486251,27377.09772951629,5468.478873239436,0.13209471673440087
20,0.30000000000000004,100,8408,69.0,243242.0,0,0.008206470028544244,28929.828734538536,3525.246376811594,0.130378427471672
20,0.4,100,5374,66.0,159521.0,0,0.012281354670636397,29683.8481577968,2416.9848484848485,0.12736881280238183
20,0.5,100,3611,64.0,105385.0,0,0.01772362226530047,29184.43644419828,1646.640625,0.12699780972281666
20,0.6,100,2353,62.0,65432.0,0,0.02634934126646834,27807.904802379937,1055.3548387096773,0.12853687748715373
20,0.7000000000000001,100,1288,56.0,34540.0,0,0.043478260869565216,26816.7701863354,616.7857142857143,0.12790513833992093
20,0.8,100,482,44.0,14750.0,0,0.0912863070539419,30601.659751037347,335.22727272727275,0.13477178423236516
20,0.9,100,103,31.0,5764.0,0,0.30097087378640774,55961.16504854369,185.93548387096774,0.23694616063548102
20,0.1,120,30665,92.0,846485.0,0,0.003000163052339801,27604.271971302787,9200.923913043478,0.16907282510413116
20,0.2,120,15812,85.0,490269.0,0,0.005375664052618264,31006.134581330636,5767.870588235294,0.1577708529770255
20,0.30000000000000004,120,9421,81.0,310542.0,0,0.008597813395605561,32962.74280861904,3833.8518518518517,0.1524314153100906
20,0.4,120,5974,78.0,201271.0,0,0.013056578506863073,33691.16170070304,2580.397435897436,0.14965212892229965
20,0.5,120,4007,76.0,133449.0,0,0.018966808085849763,33303.96805590217,1755.907894736842,0.14956190303332803
20,0.6,120,2589,71.0,82248.0,0,0.02742371572035535,31768.250289687137,1158.4225352112676,0.14554513852312234
20,0.7000000000000001,120,1431,69.0,44875.0,0,0.04821802935010482,31359.1893780573,650.3623188405797,0.15438536306460834
20,0.8,120,541,54.0,19880.0,0,0.09981515711645102,36746.76524953789,368.14814814814815,0.1580709124516888
20,0.9,120,122,36.0,7622.0,0,0.29508196721311475,62475.40983606558,211.72222222222223,0.2425037257824143
40,0.1,20,32571,33.0,745052.0,0,0.0010131712259371835,22874.70449172577,22577.333333333332,0.06060790273556231
40,0.2,20,15213,28.0,354846.0,0,0.0018405311246959836,23325.182409781108,12673.07142857143,0.052013409583908495
40,0.30000000000000004,20,8315,26.0,193094.0,0,0.003126879134095009,23222.36921226699,7426.692307692308,0.04914885475318428
40,0.4,20,4959,24.0,112196.0,0,0.004839685420447671,22624.72272635612,4674.833333333333,0.04654017488863224
40,0.5,20,3253,22.0,71186.0,0,0.006762988011066708,21883.18475253612,3235.7272727272725,0.04405779280664003
40,0.6,20,2140,21.0,44571.0,0,0.009813084112149532,20827.570093457944,2122.4285714285716,0.044069668649107906
40,0.7000000000000001,20,1195,20.0,23370.0,0,0.016736401673640166,19556.485355648536,1168.5,0.04640547736782047
40,0.8,20,416,12.0,7884.0,0,0.028846153846153848,18951.923076923078,657.0,0.03912587412587413
40,0.9,20,48,8.0,1381.0,0,0.16666666666666666,28770.833333333332,172.625,0.11454545454545453
40,0.1,40,35280,58.0,883593.0,0,0.0016439909297052155,25045.15306122449,15234.362068965518,0.10644094001236858
40,0.2,40,16776,51.0,436831.0,0,0.003040057224606581,26039.043872198377,8565.313725490196,0.09455130706203668
40,0.30000000000000004,40,9248,48.0,243332.0,0,0.005190311418685121,26311.851211072666,5069.416666666667,0.09038691412393836
40,0.4,40,5580,46.0,146024.0,0,0.008243727598566309,26169.175627240144,3174.4347826086955,0.08858260019550342
40,0.5,40,3659,45.0,93556.0,0,0.012298442197321673,25568.734626947255,2079.0222222222224,0.08919724713657484
40,0.6,40,2401,42.0,59047.0,0,0.01749271137026239,24592.669720949605,1405.8809523809523,0.0868592631857938
40,0.7000000000000001,40,1329,38.0,31017.0,0,0.028592927012791574,23338.600451467268,816.2368421052631,0.08624666529858403
40,0.8,40,467,25.0,11034.0,0,0.05353319057815846,23627.408993576017,441.36,0.07757445980144054
40,0.9,40,69,18.0,2756.0,0,0.2608695652173913,39942.02898550724,153.11111111111111,0.18924901185770748
40,0.1,60,38346,75.0,1060355.0,0,0.0019558754498513534,27652.297501695095,14138.066666666668,0.13753716163354718
40,0.2,60,18509,68.0,540991.0,0,0.003673888378626614,29228.537468258684,7955.75,0.12584069666353961
40,0.30000000000000004,60,10317,63.0,310019.0,0,0.0061064262867112536,30049.33604730057,4920.936507936508,0.11820931031748132
40,0.4,60,6249,61.0,188484.0,0,0.009761561849895984,30162.26596255401,3089.901639344262,0.11676602801902851
40,0.5,60,4072,60.0,120395.0,0,0.014734774066797643,29566.55206286837,2006.5833333333333,0.11793177353098767
40,0.6,60,2647,59.0,75144.0,0,0.022289384208537967,28388.3641858708,1273.6271186440679,0.12064635779785006
40,0.7000000000000001,60,1471,53.0,40578.0,0,0.03602991162474507,27585.31611148878,765.622641509434,0.11798158333848341
40,0.8,60,525,39.0,15310.0,0,0.07428571428571429,29161.90476190476,392.56410256410254,0.11548051948051949
40,0.9,60,101,30.0,5205.0,0,0.297029702970297,51534.65346534653,173.5,0.23276327632763275
40,0.1,80,41663,84.0,1272434.0,0,0.0020161774236132778,30541.103617118308,15148.02380952381,0.1539369791814407
40,0.2,80,20343,77.0,664246.0,0,0.003785085778892002,32652.312834881777,8626.57142857143,0.14227105146733518
40,0.30000000000000004,80,11458,71.0,389345.0,0,0.006196543899458893,33980.18851457497,5483.732394366197,0.13280883543058444
40,0.4,80,6902,68.0,235319.0,0,0.009852216748768473,34094.32048681541,3460.573529411765,0.12954769368562472
40,0.5,80,4499,66.0,151256.0,0,0.014669926650366748,33619.91553678596,2291.757575757576,0.12880195599022004
40,0.6,80,2897,64.0,93265.0,0,0.022091819123230928,32193.648602002075,1457.265625,0.12961872783757492
40,0.7000000000000001,80,1583,60.0,48923.0,0,0.03790271636133923,30905.243209096654,815.3833333333333,0.13183253890771263
40,0.8,80,582,49.0,19892.0,0,0.08419243986254296,34178.6941580756,405.9591836734694,0.13960637300843487
40,0.9,80,120,33.0,6809.0,0,0.275,56741.66666666667,206.33333333333334,0.225
40,0.1,100,44968,104.0,1497949.0,0,0.0023127557374132716,33311.443693293004,14403.35576923077,0.19047856253335704
40,0.2,100,22199,95.0,797730.0,0,0.004279472048290464,35935.40249560791,8397.157894736842,0.175294955956247
40,0.30000000000000004,100,12506,85.0,468466.0,0,0.006796737565968335,37459.299536222614,5511.364705882353,0.15862349708503554
40,0.4,100,7612,80.0,290589.0,0,0.010509721492380452,38175.11823436679,3632.3625,0.15176037834997375
40,0.5,100,4877,77.0,181898.0,0,0.015788394504818535,37297.10887840886,2362.311688311688,0.1494730367028911
40,0.6,100,3146,76.0,113385.0,0,0.024157660521296885,36041.00445009536,1491.907894736842,0.15267641449459632
40,0.7000000000000001,100,1708,70.0,59671.0,0,0.040983606557377046,34936.182669789225,852.4428571428572,0.15186289120715352
40,0.8,100,637,56.0,24931.0,0,0.08791208791208792,39138.147566718995,445.19642857142856,0.15456543456543456
40,0.9,100,149,43.0,9671.0,0,0.28859060402684567,64906.04026845638,224.90697674418604,0.2513361805979256
40,0.1,120,47948,114.0,1712776.0,0,0.002377575707015934,35721.53165929757,15024.350877192983,0.20869927269693683
40,0.2,120,23929,104.0,929018.0,0,0.004346190814492875,38823.93748171675,8932.865384615385,0.19169862357960482
40,0.30000000000000004,120,13493,94.0,547747.0,0,0.006966575261246572,40594.90105980879,5827.095744680851,0.17508903606583884
40,0.4,120,8200,86.0,339337.0,0,0.010487804878048781,41382.56097560976,3945.779069767442,0.16265631929046565
40,0.5,120,5247,82.0,213302.0,0,0.015627977892128834,40652.18219935201,2601.243902439024,0.15846769582618642
40,0.6,120,3364,79.0,131996.0,0,0.02348394768133175,39237.81212841855,1670.8354430379748,0.1577267322451627
40,0.7000000000000001,120,1813,76.0,68324.0,0,0.041919470490899065,37685.60397131826,899.0,0.1633335004763576
40,0.8,120,682,63.0,29254.0,0,0.09237536656891496,42894.42815249266,464.3492063492063,0.16997067448680353
40,0.9,120,170,51.0,11671.0,0,0.3,68652.94117647059,228.84313725490196,0.2727272727272727
60,0.1,20,51002,67.0,1718172.0,0,0.001313673973569664,33688.325948002035,25644.358208955226,0.12260638620232363
60,0.2,20,23639,59.0,805464.0,0,0.002495875460044841,34073.522568636574,13651.93220338983,0.10877025254875419
60,0.30000000000000004,20,12496,55.0,420256.0,0,0.0044014084507042256,33631.24199743918,7641.018181818182,0.10264084507042254
60,0.4,20,7193,48.0,236117.0,0,0.00667315445572084,32825.94188794662,4919.104166666667,0.09127661994615978
60,0.5,20,4570,46.0,145271.0,0,0.010065645514223195,31787.964989059077,3158.0652173913045,0.08967575094489755
60,0.6,20,2917,44.0,88466.0,0,0.015083990401097017,30327.7339732602,2010.590909090909,0.08905039424065822
60,0.7000000000000001,20,1611,42.0,46873.0,0,0.0260707635009311,29095.592799503414,1116.0238095238096,0.09200609446419503
60,0.8,20,577,33.0,17270.0,0,0.05719237435008666,29930.675909878686,523.3333333333334,0.09431542461005199
60,0.9,20,89,22.0,3992.0,0,0.24719101123595505,44853.93258426966,181.45454545454547,0.18831460674157302
60,0.1,40,54718,87.0,1984611.0,0,0.0015899703936547388,36269.80152783362,22811.620689655174,0.15913580041801104
60,0.2,40,25874,74.0,967671.0,0,0.0028600139135812014,37399.35842931128,13076.635135135135,0.13626146289360327
60,0.30000000000000004,40,13806,71.0,516531.0,0,0.005142691583369549,37413.515862668406,7275.084507042254,0.13217652404093086
60,0.4,40,7978,63.0,294309.0,0,0.007896715968914515,36890.07269992479,4671.571428571428,0.11928348412680327
60,0.5,40,5041,60.0,180287.0,0,0.011902400317397342,35764.134100376905,3004.7833333333333,0.11623234928134749
60,0.6,40,3194,59.0,109147.0,0,0.018472135253600502,34172.51095804634,1849.949152542373,0.11835600842488758
60,0.7000000000000001,40,1760,57.0,58098.0,0,0.03238636363636364,33010.22727272727,1019.2631578947369,0.12306818181818183
60,0.8,40,650,45.0,22986.0,0,0.06923076923076923,35363.07692307692,510.8,0.12335664335664337
60,0.9,40,123,34.0,6670.0,0,0.2764227642276423,54227.64227642277,196.1764705882353,0.2276718403547672
60,0.1,60,58502,103.0,2270939.0,0,0.001760623568425011,38818.142969471126,22047.95145631068,0.18832910141378228
60,0.2,60,28132,90.0,1141900.0,0,0.0031992037537324045,40590.786293189245,12687.777777777777,0.1655558858886031
60,0.30000000000000004,60,15164,81.0,623310.0,0,0.005341598522817199,41104.589817989974,7695.185185185185,0.1504776863864176
60,0.4,60,8746,70.0,356094.0,0,0.008003658815458496,40715.06974616968,5087.057142857143,0.13207492256200237
60,0.5,60,5542,67.0,220721.0,0,0.012089498376037532,39826.957776975825,3294.3432835820895,0.12907188084380433
60,0.6,60,3460,66.0,131035.0,0,0.01907514450867052,37871.387283236996,1985.378787878788,0.1314450867052023
60,0.7000000000000001,60,1884,62.0,68494.0,0,0.032908704883227176,36355.62632696391,1104.741935483871,0.13247249565720903
60,0.8,60,702,51.0,27441.0,0,0.07264957264957266,39089.74358974359,538.0588235294117,0.13631701631701632
60,0.9,60,144,38.0,8501.0,0,0.2638888888888889,59034.722222222226,223.71052631578948,0.22742424242424242
60,0.1,80,61624,120.0,2518485.0,0,0.0019472932623653123,40868.57393223419,20987.375,0.21935019413923737
60,0.2,80,29968,102.0,1291802.0,0,0.003403630539241858,43106.046449546186,12664.725490196079,0.18749672377809057
60,0.30000000000000004,80,16300,96.0,717883.0,0,0.00588957055214724,44041.9018404908,7477.947916666667,0.1780791968767429
60,0.4,80,9437,84.0,415482.0,0,0.008901133834905161,44026.915333262696,4946.214285714285,0.15806795302821583
60,0.5,80,5949,79.0,256634.0,0,0.01327954278029921,43139.01496049757,3248.53164556962,0.15160408930454317
60,0.6,80,3683,76.0,151223.0,0,0.020635351615530817,41059.733912571275,1989.7763157894738,0.15056302915113667
60,0.7000000000000001,80,2013,74.0,80393.0,0,0.03676105315449578,39936.91008445107,1086.3918918918919,0.15660208643815202
60,0.8,80,754,61.0,32839.0,0,0.08090185676392574,43553.05039787798,538.344262295082,0.15945020496744636
60,0.9,80,174,49.0,11719.0,0,0.28160919540229884,67350.57471264368,239.16326530612244,0.25805642633228837
60,0.1,100,64227,129.0,2735122.0,0,0.0020085010976692045,42585.23673844333,21202.496124031008,0.23575055520405605
60,0.2,100,31482,113.0,1422187.0,0,0.0035893526459564195,45174.60771234356,12585.725663716814,0.20760815704211932
60,0.30000000000000004,100,17227,104.0,800656.0,0,0.006037034887095838,46476.80965925582,7698.615384615385,0.1927131300231666
60,0.4,100,10023,91.0,469484.0,0,0.009079118028534372,46840.666467125615,5159.1648351648355,0.1709020162716661
60,0.5,100,6277,85.0,287609.0,0,0.01354150071690298,45819.49976103234,3383.635294117647,0.16267035497559634
60,0.6,100,3887,81.0,170630.0,0,0.020838693079495756,43897.607409313096,2106.543209876543,0.15977594312042473
60,0.7000000000000001,100,2109,76.0,89711.0,0,0.036036036036036036,42537.22143195827,1180.407894736842,0.1598034398034398
60,0.8,100,793,66.0,36873.0,0,0.0832282471626734,46498.10844892812,558.6818181818181,0.16993694829760403
60,0.9,100,189,54.0,13363.0,0,0.2857142857142857,70703.70370370371,247.46296296296296,0.2696103896103896
60,0.1,120,66503,136.0,2931624.0,0,0.002045020525389832,44082.58274062824,21556.058823529413,0.24849973958796118
60,0.2,120,32743,122.0,1536114.0,0,0.003725987233912592,46914.27175274104,12591.098360655738,0.2240537741585294
60,0.30000000000000004,120,18025,111.0,875928.0,0,0.006158113730929265,48595.173370319004,7891.243243243243,0.20551305005673937
60,0.4,120,10497,102.0,516148.0,0,0.009717062017719349,49171.001238449084,5060.274509803921,0.19128478266517707
60,0.5,120,6581,93.0,319352.0,0,0.014131590943625589,48526.36377450235,3433.8924731182797,0.17756986365708444
60,0.6,120,4055,87.0,188145.0,0,0.021454993834771886,46398.27373612824,2162.5862068965516,0.17105481448268134
60,0.7000000000000001,120,2211,83.0,100617.0,0,0.03753957485300769,45507.46268656717,1212.2530120481927,0.17343283582089553
60,0.8,120,821,71.0,40478.0,0,0.08647990255785627,49303.2886723508,570.112676056338,0.18097885062562288
60,0.9,120,199,55.0,14404.0,0,0.27638190954773867,72381.90954773869,261.8909090909091,0.2658291457286432
80,0.1,20,75690,102.0,3542606.0,0,0.0013476020610384463,46804.14850046241,34731.43137254902,0.18626310669116852
80,0.2,20,36027,91.0,1726215.0,0,0.002525883365253837,47914.48080606212,18969.395604395606,0.16697007547369777
80,0.30000000000000004,20,19145,80.0,918268.0,0,0.004178636719770175,47963.85479237399,11478.35,0.14796172748640757
80,0.4,20,10785,69.0,507535.0,0,0.006397774687065368,47059.34167825684,7355.579710144928,0.12929321026678467
80,0.5,20,6472,64.0,289498.0,0,0.009888751545117428,44730.840543881335,4523.40625,0.12229688729070683
80,0.6,20,3942,60.0,166274.0,0,0.015220700152207,42180.11161846778,2771.233333333333,0.11822332918223329
80,0.7000000000000001,20,2081,58.0,82470.0,0,0.02787121576165305,39629.985583853915,1421.896551724138,0.12217727491153728
80,0.8,20,749,49.0,30573.0,0,0.06542056074766354,40818.42456608812,623.9387755102041,0.1283432455395072
80,0.9,20,153,41.0,9132.0,0,0.2679738562091503,59686.27450980392,222.73170731707316,0.23532976827094473
80,0.1,40,77437,120.0,3700099.0,0,0.0015496468096646307,47782.055089944086,30834.158333333333,0.21911160626761694
80,0.2,40,37157,108.0,1829245.0,0,0.002906585569340905,49230.15851656485,16937.453703703704,0.19810758770524092
80,0.30000000000000004,40,19869,93.0,984952.0,0,0.004680658311943228,49572.29855553878,10590.881720430107,0.17189930407807502
80,0.4,40,11282,81.0,553537.0,0,0.007179578088991313,49063.729835135615,6833.79012345679,0.15158047412612208
80,0.5,40,6831,74.0,322660.0,0,0.010832967354706485,47234.66549553506,4360.27027027027,0.14104523495827845
80,0.6,40,4142,66.0,185030.0,0,0.0159343312409464,44671.65620473201,2803.4848484848485,0.12956059874456782
80,0.7000000000000001,40,2194,64.0,93177.0,0,0.02917046490428441,42469.0063810392,1455.890625,0.133865915306207
80,0.8,40,799,54.0,35403.0,0,0.06758448060075094,44309.136420525654,655.6111111111111,0.13873250654226876
80,0.9,40,172,46.0,10991.0,0,0.26744186046511625,63901.16279069768,238.93478260869566,0.2441014799154334
80,0.1,60,79076,129.0,3857902.0,0,0.0016313420001011685,48787.267944762,29906.217054263565,0.23552425974551522
80,0.2,60,38062,117.0,1918811.0,0,0.0030739320056749515,50412.77389522359,16400.094017094016,0.21457163193067774
80,0.30000000000000004,60,20474,105.0,1045720.0,0,0.005128455602227215,51075.51040343851,9959.238095238095,0.19398616427042725
80,0.4,60,11702,91.0,596207.0,0,0.007776448470346949,50949.15399077081,6551.725274725275,0.17012041453675364
80,0.5,60,7092,84.0,349523.0,0,0.011844331641285956,49284.122955442755,4160.988095238095,0.1598338717120443
80,0.6,60,4326,78.0,204119.0,0,0.018030513176144243,47184.234858992146,2616.9102564102564,0.15263648972386837
80,0.7000000000000001,60,2298,74.0,103987.0,0,0.03220191470844212,45251.087902523934,1405.2297297297298,0.15386660337051983
80,0.8,60,847,62.0,40633.0,0,0.07319952774498228,47972.8453364817,655.3709677419355,0.1566469893742621
80,0.9,60,195,52.0,13605.0,0,0.26666666666666666,69769.23076923077,261.63461538461536,0.2545454545454545
80,0.1,80,80517,137.0,4003713.0,0,0.0017015040302048015,49725.06427214129,29224.182481751825,0.25011181150903194
80,0.2,80,38895,124.0,2006711.0,0,0.00318807044607276,51593.03252346059,16183.15322580645,0.22736738772218912
80,0.30000000000000004,80,20997,110.0,1102620.0,0,0.005238843644330142,52513.21617373911,10023.818181818182,0.2031433061865981
80,0.4,80,12053,98.0,635259.0,0,0.00813075582842446,52705.46751846013,6482.234693877551,0.18306027167887287
80,0.5,80,7344,90.0,377559.0,0,0.012254901960784314,51410.53921568627,4195.1,0.17098930481283425
80,0.6,80,4463,83.0,219399.0,0,0.018597356038539098,49159.533945776384,2643.3614457831327,0.16206750453221436
80,0.7000000000000001,80,2375,79.0,112631.0,0,0.03326315789473684,47423.57894736842,1425.7088607594937,0.16359425837320574
80,0.8,80,877,68.0,44018.0,0,0.07753705815279362,50191.56214367161,647.3235294117648,0.1701585985280398
80,0.9,80,210,56.0,15393.0,0,0.26666666666666666,73300.0,274.875,0.26181818181818184
80,0.1,100,81819,143.0,4142755.0,0,0.001747760300174776,50633.165890563316,28970.314685314686,0.26104865618010487
80,0.2,100,39670,131.0,2091841.0,0,0.003302243508948828,52731.05621376355,15968.251908396947,0.24016316428718748
80,0.30000000000000004,100,21457,118.0,1155437.0,0,0.005499370834692641,53848.953721396276,9791.838983050848,0.21784507704627015
80,0.4,100,12345,104.0,670009.0,0,0.008424463345484001,54273.71405427298,6442.3942307692305,0.19414558709819948
80,0.5,100,7553,98.0,402561.0,0,0.012974976830398516,53298.15967165365,4107.765306122449,0.1859668042800573
80,0.6,100,4607,90.0,236917.0,0,0.019535489472541783,51425.43954851313,2632.411111111111,0.17535765731988873
80,0.7000000000000001,100,2456,85.0,122297.0,0,0.03460912052117264,49795.195439739415,1438.7882352941176,0.17531092685815813
80,0.8,100,910,73.0,48225.0,0,0.08021978021978023,52994.505494505494,660.6164383561644,0.1808591408591409
80,0.9,100,220,60.0,16660.0,0,0.2727272727272727,75727.27272727272,277.6666666666667,0.2727272727272727
80,0.1,120,82959,152.0,4273048.0,0,0.0018322303788618475,51507.94971009776,28112.157894736843,0.2774629745909535
80,0.2,120,40365,137.0,2174035.0,0,0.0033940294809860026,53859.40790288616,15868.868613138686,0.25112732677950067
80,0.30000000000000004,120,21886,124.0,1207651.0,0,0.0056657223796034,55179.1556246002,9739.120967741936,0.2288539788823075
80,0.4,120,12617,111.0,703655.0,0,0.008797653958944282,55770.38915748593,6339.2342342342345,0.20709677419354838
80,0.5,120,7739,102.0,426101.0,0,0.01317999741568678,55058.92234138778,4177.4607843137255,0.19336254390395752
80,0.6,120,4730,96.0,252055.0,0,0.02029598308668076,53288.58350951374,2625.5729166666665,0.186723044397463
80,0.7000000000000001,120,2524,88.0,130989.0,0,0.03486529318541997,51897.3851030111,1488.5113636363637,0.180919175911252
80,0.8,120,937,77.0,51714.0,0,0.08217716115261472,55191.03521878335,671.6103896103896,0.18930629669156882
80,0.9,120,231,64.0,18237.0,0,0.27705627705627706,78948.05194805194,284.953125,0.2825974025974026
100,0.1,20,85491,126.0,4448720.0,0,0.0014738393515106854,52037.29047502076,35307.30158730159,0.22997521270181553
100,0.2,20,40782,112.0,2169589.0,0,0.0027463096464126332,53199.67142366731,19371.33035714286,0.2052841494242112
100,0.30000000000000004,20,21753,99.0,1162866.0,0,0.004551096400496483,53457.72996828024,11746.121212121212,0.1827306578402979
100,0.4,20,12316,89.0,651788.0,0,0.007226372198765833,52922.05261448522,7323.460674157303,0.16615400513744133
100,0.5,20,7447,82.0,381494.0,0,0.011011145427689002,51227.876997448635,4652.365853658536,0.1556975963475225
100,0.6,20,4511,76.0,220490.0,0,0.016847705608512526,48878.29749501219,2901.184210526316,0.1482904415469257
100,0.7000000000000001,20,2404,70.0,113397.0,0,0.029118136439267885,47170.13311148086,1619.9571428571428,0.14474360913628803
100,0.8,20,880,56.0,43214.0,0,0.06363636363636363,49106.818181818184,771.6785714285714,0.13999999999999999
100,0.9,20,191,48.0,12883.0,0,0.2513089005235602,67450.26178010472,268.3958333333333,0.2380580675868634
100,0.1,40,86658,132.0,4577793.0,0,0.0015232292460015233,52825.971058644325,34680.25,0.2409139375476009
100,0.2,40,41519,119.0,2252336.0,0,0.00286615766275681,54248.32004624389,18927.193277310926,0.21808333096129046
100,0.30000000000000004,40,22239,106.0,1218172.0,0,0.0047664013669679395,54776.38383020819,11492.188679245282,0.1955871135474535
100,0.4,40,12660,96.0,691306.0,0,0.007582938388625593,54605.52922590837,7201.104166666667,0.17909521757862992
100,0.5,40,7665,89.0,406571.0,0,0.011611219830397913,53042.53098499674,4568.213483146067,0.16878491371642057
100,0.6,40,4656,82.0,237137.0,0,0.01761168384879725,50931.48625429554,2891.9146341463415,0.15965791940018745
100,0.7000000000000001,40,2487,77.0,122962.0,0,0.03096099718536389,49441.89786891837,1596.909090909091,0.15857659831121831
100,0.8,40,925,66.0,48451.0,0,0.07135135135135136,52379.45945945946,734.1060606060606,0.1628108108108108
100,0.9,40,216,55.0,15823.0,0,0.25462962962962965,73254.62962962964,287.6909090909091,0.25277777777777777
100,0.1,60,87734,143.0,4704489.0,0,0.0016299268242642533,53622.18752137142,32898.52447552448,0.26097795609455854
100,0.2,60,42167,126.0,2330083.0,0,0.0029881186709986482,55258.44854981383,18492.722222222223,0.2308837802935083
100,0.30000000000000004,60,22645,113.0,1267836.0,0,0.0049900640317950985,55987.45860013248,11219.787610619469,0.20844858387362253
100,0.4,60,12934,103.0,725274.0,0,0.007963507035719809,56074.99613421989,7041.495145631068,0.19205083149415916
100,0.5,60,7874,94.0,432481.0,0,0.011938023876047752,54925.1968503937,4600.86170212766,0.17807190523471955
100,0.6,60,4784,88.0,253050.0,0,0.01839464882943144,52895.06688963211,2875.568181818182,0.1710367892976589
100,0.7000000000000001,60,2559,81.0,131844.0,0,0.031652989449003514,51521.688159437275,1627.7037037037037,0.16626452094212937
100,0.8,60,956,69.0,52261.0,0,0.07217573221757322,54666.317991631804,757.4057971014493,0.16875998478508938
100,0.9,60,227,60.0,17244.0,0,0.2643171806167401,75964.7577092511,287.4,0.26768121746095314
100,0.1,80,88731,151.0,4827493.0,0,0.0017017727738896215,54405.93479167372,31970.152317880795,0.2755665182097884
100,0.2,80,42778,135.0,2407156.0,0,0.0031558277619337044,56270.88690448362,17830.785185185185,0.2473480421117057
100,0.30000000000000004,80,23018,119.0,1316019.0,0,0.0051698670605613,57173.472934225385,11058.98319327731,0.21946555659997316
100,0.4,80,13182,109.0,757523.0,0,0.008268851464117736,57466.46942800789,6949.752293577982,0.20314312906028886
100,0.5,80,8041,100.0,454714.0,0,0.012436264146250466,56549.434149981345,4547.14,0.1892799403059321
100,0.6,80,4905,94.0,269042.0,0,0.019164118246687054,54850.560652395514,2862.148936170213,0.18240756185710313
100,0.7000000000000001,80,2637,87.0,142213.0,0,0.03299203640500569,53929.84452028821,1634.632183908046,0.17797704002482162
100,0.8,80,993,75.0,57214.0,0,0.0755287009063444,57617.32124874119,762.8533333333334,0.181680856907443
100,0.9,80,236,63.0,18572.0,0,0.2669491525423729,78694.91525423729,294.7936507936508,0.2747149460708783
100,0.1,100,89696,157.0,4953707.0,0,0.0017503567606136283,55227.735907955765,31552.273885350318,0.28650475951091364
100,0.2,100,43351,143.0,2484899.0,0,0.0032986551636640447,57320.45396876658,17376.916083916083,0.26197919309819845
100,0.30000000000000004,100,23404,125.0,1368793.0,0,0.00534096735600752,58485.42984105281,10950.344,0.23047730768633182
100,0.4,100,13418,114.0,790921.0,0,0.00849605008197943,58944.775674467135,6937.903508771929,0.21237035732191492
100,0.5,100,8192,106.0,475728.0,0,0.012939453125,58072.265625,4488.0,0.20049094460227274
100,0.6,100,4996,98.0,281699.0,0,0.019615692554043235,56384.90792634107,2874.4795918367345,0.18995123371424413
100,0.7000000000000001,100,2681,90.0,148209.0,0,0.03356956359567326,55281.238343901525,1646.7666666666667,0.1837781017937676
100,0.8,100,1013,78.0,60100.0,0,0.0769990128331688,59328.72655478776,770.5128205128206,0.1880175895180831
100,0.9,100,243,66.0,19689.0,0,0.2716049382716049,81024.69135802469,298.3181818181818,0.28296296296296297
100,0.1,120,90642,162.0,5083992.0,0,0.0017872509432713313,56088.70060236976,31382.666666666668,0.29561780511141733
100,0.2,120,43876,144.0,2560694.0,0,0.0032819764791685658,58362.065821861615,17782.597222222223,0.26378736770568295
100,0.30000000000000004,120,23781,129.0,1423433.0,0,0.005424498549262016,59855.89336024558,11034.364341085271,0.23780015367501173
100,0.4,120,13640,116.0,824037.0,0,0.008504398826979473,60413.269794721404,7103.767241379311,0.21601173020527858
100,0.5,120,8353,108.0,500403.0,0,0.012929486412067521,59906.97952831318,4633.361111111111,0.2041213282108769
100,0.6,120,5096,100.0,296629.0,0,0.019623233908948195,58208.20251177394,2966.29,0.19359212216355073
100,0.7000000000000001,120,2741,93.0,156997.0,0,0.03392922291134622,57277.271068952934,1688.1397849462367,0.18944844283771684
100,0.8,120,1034,79.0,63356.0,0,0.07640232108317214,61272.72727272727,801.9746835443038,0.18947775628626692
100,0.9,120,247,67.0,20361.0,0,0.27125506072874495,82433.1983805668,303.8955223880597,0.28457121825542875
120,0.1,20,91567,137.0,5137501.0,0,0.001496172201775749,56106.46848755556,37500.00729927007,0.24998861241197454
120,0.2,20,43975,123.0,2534705.0,0,0.0027970437748720866,57639.681637293914,20607.357723577235,0.2253145899012869
120,0.30000000000000004,20,23521,109.0,1366306.0,0,0.004634156711024191,58088.77173589558,12534.91743119266,0.20096231220843272
120,0.4,20,13372,99.0,774069.0,0,0.007403529763685313,57887.301824708346,7818.878787878788,0.1844421178582112
120,0.5,20,8068,89.0,453701.0,0,0.011031234506693108,56234.63063956371,5097.76404494382,0.1684369225221977
120,0.6,20,4924,84.0,268568.0,0,0.017059301380991064,54542.64825345248,3197.2380952380954,0.16296285355586737
120,0.7000000000000001,20,2666,79.0,143927.0,0,0.029632408102025505,53986.121530382596,1821.860759493671,0.16141580849757894
120,0.8,20,1000,68.0,57155.0,0,0.068,57155.0,840.5147058823529,0.16443636363636366
120,0.9,20,229,58.0,17383.0,0,0.25327510917030566,75908.29694323144,299.7068965517241,0.25741961095672883
120,0.1,40,92506,147.0,5260354.0,0,0.0015890861133331892,56865.00335113398,35784.72108843538,0.2682261789407272
120,0.2,40,44566,131.0,2612901.0,0,0.0029394605753264823,58629.919669703355,19945.809160305344,0.23994549452701408
120,0.30000000000000004,40,23895,116.0,1416290.0,0,0.004854572086210505,59271.39568947479,12209.396551724138,0.2138218341608172
120,0.4,40,13622,106.0,807688.0,0,0.007781529878138306,59292.9085303186,7619.698113207547,0.19739619065415573
120,0.5,40,8253,96.0,478665.0,0,0.011632133769538349,57998.9094874591,4986.09375,0.18152473480717757
120,0.6,40,5044,91.0,284728.0,0,0.01804123711340206,56448.85011895322,3128.879120879121,0.1762792877225867
120,0.7000000000000001,40,2728,83.0,152291.0,0,0.030425219941348974,55825.14662756598,1834.8313253012047,0.1691642228739003
120,0.8,40,1027,71.0,60805.0,0,0.0691333982473223,59206.426484907504,856.4084507042254,0.1705709480393025
120,0.9,40,236,60.0,18335.0,0,0.2542372881355932,77690.6779661017,305.5833333333333,0.261633281972265
120,0.1,60,93371,155.0,5379077.0,0,0.0016600443392488032,57609.71822086087,34703.72258064516,0.28281420842173116
120,0.2,60,45086,141.0,2685487.0,0,0.0031273566073725767,59563.6561238522,19046.007092198583,0.2582400503280599
120,0.30000000000000004,60,24253,125.0,1466635.0,0,0.005154001566816477,60472.31270358306,11733.08,0.23036512821281718
120,0.4,60,13843,112.0,839022.0,0,0.008090731777793831,60609.83890775121,7491.267857142857,0.2084908027030399
120,0.5,60,8388,102.0,497991.0,0,0.012160228898426323,59369.456366237486,4882.264705882353,0.19275068279360125
120,0.6,60,5137,95.0,298095.0,0,0.018493284017909284,58029.00525598599,3137.842105263158,0.1838232431380183
120,0.7000000000000001,60,2787,89.0,160752.0,0,0.031933979189092215,57679.224973089345,1806.2022471910113,0.18097856933163717
120,0.8,60,1053,76.0,64544.0,0,0.0721747388414055,61295.34662867997,849.2631578947369,0.18148666148666148
120,0.9,60,250,65.0,20465.0,0,0.26,81860.0,314.84615384615387,0.2741818181818182
120,0.1,80,94246,161.0,5506383.0,0,0.0017082953122678946,58425.641406531846,34201.13664596273,0.29375224991463345
120,0.2,80,45590,146.0,2760764.0,0,0.003202456679096293,60556.35007677122,18909.342465753423,0.2673760194620033
120,0.30000000000000004,80,24564,130.0,1513828.0,0,0.005292297671389025,61627.910763719265,11644.83076923077,0.2395390149664698
120,0.4,80,14059,118.0,872336.0,0,0.008393200085354578,62048.22533608365,7392.677966101695,0.21958137459666732
120,0.5,80,8538,108.0,521042.0,0,0.012649332396345749,61026.2356523776,4824.462962962963,0.20395323580144384
120,0.6,80,5221,101.0,310865.0,0,0.01934495307412373,59541.27561769776,3077.871287128713,0.1952433354808379
120,0.7000000000000001,80,2836,93.0,168039.0,0,0.032792665726375174,59252.11565585332,1806.8709677419354,0.1887665085267342
120,0.8,80,1080,79.0,68571.0,0,0.07314814814814814,63491.666666666664,867.9873417721519,0.18752525252525254
120,0.9,80,253,66.0,20896.0,0,0.2608695652173913,82592.88537549406,316.6060606060606,0.27652173913043476
120,0.1,100,95182,165.0,5649298.0,0,0.0017335210438948541,59352.587674140064,34238.1696969697,0.30104011262633695
120,0.2,100,46146,150.0,2847639.0,0,0.00325055259394097,61709.3355870498,18984.26,0.2746776042836373
120,0.30000000000000004,100,24905,132.0,1568343.0,0,0.005300140534029311,62973.017466372214,11881.386363636364,0.24318008432041757
120,0.4,100,14294,119.0,909775.0,0,0.00832517140058766,63647.33454596334,7645.16806722689,0.22135873920398896
120,0.5,100,8675,109.0,543352.0,0,0.012564841498559078,62634.23631123919,4984.880733944954,0.20572072308095365
120,0.6,100,5329,103.0,328374.0,0,0.01932820416588478,61620.191405516984,3188.097087378641,0.19886964977225816
120,0.7000000000000001,100,2882,95.0,175514.0,0,0.03296321998612075,60900.0693962526,1847.5157894736842,0.19250520471894517
120,0.8,100,1095,82.0,71141.0,0,0.07488584474885844,64968.9497716895,867.5731707317074,0.19402241594022418
120,0.9,100,261,69.0,22317.0,0,0.26436781609195403,85505.74712643678,323.4347826086956,0.2840752351097179
120,0.1,120,96144,168.0,5802716.0,0,0.001747378931602596,60354.42669329339,34539.97619047619,0.306502972813507
120,0.2,120,46708,150.0,2939339.0,0,0.00321144129485313,62930.09762781537,19595.593333333334,0.2746541375041846
120,0.30000000000000004,120,25257,134.0,1626560.0,0,0.005305459872510591,64400.36425545393,12138.507462686568,0.24681963955987002
120,0.4,120,14506,123.0,946122.0,0,0.008479249965531505,65222.80435681787,7692.048780487805,0.22872391361568253
120,0.5,120,8810,110.0,566359.0,0,0.012485811577752554,64285.92508513053,5148.718181818182,0.20749148694665154
120,0.6,120,5399,104.0,340472.0,0,0.01926282644934247,63062.048527505096,3273.769230769231,0.20064860496051456
120,0.7000000000000001,120,2938,97.0,185032.0,0,0.03301565690946222,62978.8972089857,1907.5463917525774,0.19617303050931373
120,0.8,120,1108,82.0,73337.0,0,0.0740072202166065,66188.62815884476,894.3536585365854,0.193495241220873
120,0.9,120,267,70.0,23332.0,0,0.26217228464419473,87385.76779026217,333.3142857142857,0.2845760980592441
140,0.1,20,96512,151.0,5795253.0,0,0.0015645722811671087,60046.96825265252,38379.15894039735,0.27548419791415485
140,0.2,20,46486,134.0,2870263.0,0,0.002882588306156692,61744.67581637482,21419.873134328358,0.24536591662005766
140,0.30000000000000004,20,24882,119.0,1548916.0,0,0.004782573748090989,62250.46218149666,13016.100840336134,0.21923318061249097
140,0.4,20,14165,108.0,881172.0,0,0.007624426403106248,62207.69502294388,8159.0,0.20093829220550014
140,0.5,20,8564,98.0,521084.0,0,0.011443250817375059,60845.86641756188,5317.183673469388,0.18504776867224323
140,0.6,20,5250,93.0,313031.0,0,0.017714285714285714,59624.95238095238,3365.9247311827958,0.17971948051948053
140,0.7000000000000001,20,2858,86.0,170155.0,0,0.030090972708187544,59536.38908327502,1978.546511627907,0.1744182199885489
140,0.8,20,1088,74.0,69116.0,0,0.06801470588235294,63525.73529411764,934.0,0.1753542780748663
140,0.9,20,252,61.0,20522.0,0,0.24206349206349206,81436.50793650793,336.42622950819674,0.2561471861471861
140,0.1,40,97532,160.0,5948832.0,0,0.0016404872247057377,60993.64311200427,37180.2,0.2918933832439144
140,0.2,40,47056,144.0,2956905.0,0,0.003060183611016661,62838.00153009181,20534.0625,0.26365429198479184
140,0.30000000000000004,40,25220,128.0,1600810.0,0,0.005075337034099921,63473.83029341792,12506.328125,0.23577247494773268
140,0.4,40,14381,116.0,914580.0,0,0.008066198456296502,63596.41193241082,7884.310344827586,0.2157488099828688
140,0.5,40,8704,105.0,542830.0,0,0.01206341911764706,62365.57904411764,5169.809523809524,0.19814714237967915
140,0.6,40,5321,98.0,324064.0,0,0.018417590678443903,60902.83781244127,3306.7755102040815,0.18923237258888453
140,0.7000000000000001,40,2899,91.0,176514.0,0,0.03139013452914798,60887.892376681615,1939.7142857142858,0.18428862617203426
140,0.8,40,1108,78.0,72226.0,0,0.0703971119133574,65185.920577617326,925.974358974359,0.18405644896619625
140,0.9,40,262,66.0,22109.0,0,0.25190839694656486,84385.49618320611,334.9848484848485,0.2711450381679389
140,0.1,60,98612,166.0,6118931.0,0,0.0016833651076948038,62050.57193850647,36861.030120481926,0.3028282008827987
140,0.2,60,47715,149.0,3061927.0,0,0.0031227077438960495,64171.162108351666,20549.845637583894,0.27278271555542855
140,0.30000000000000004,60,25611,133.0,1663800.0,0,0.005193081097965718,64964.273163874896,12509.774436090225,0.24493403047696125
140,0.4,60,14604,121.0,951164.0,0,0.008285401259928786,65130.375239660374,7860.859504132231,0.2249712407559573
140,0.5,60,8842,110.0,565398.0,0,0.012440624293146347,63944.582673603254,5139.981818181818,0.20746437457588782
140,0.6,60,5412,103.0,339017.0,0,0.019031781226903178,62641.72209903917,3291.4271844660193,0.1986917960088692
140,0.7000000000000001,60,2943,95.0,183672.0,0,0.032279986408426775,62409.78593272171,1933.3894736842105,0.19209526457232878
140,0.8,60,1123,82.0,74723.0,0,0.0730186999109528,66538.73552983081,911.2560975609756,0.19290212903748077
140,0.9,60,267,69.0,22972.0,0,0.25842696629213485,86037.4531835206,332.92753623188406,0.28051072522982634
140,0.1,80,99442,167.0,6249972.0,591,0.0016793708895637659,62850.42537358461,37424.982035928144,0.3046439861701019
140,0.2,80,48335,152.0,3164723.0,0,0.0031447191476155997,65474.769835522915,20820.54605263158,0.27825046785220575
140,0.30000000000000004,80,25986,136.0,1727208.0,0,0.00523358731624721,66466.866774417,12700.058823529413,0.2504128796624756
140,0.4,80,14841,124.0,991716.0,0,0.008355232127215147,66822.7208409137,7997.709677419355,0.23046768473087456
140,0.5,80,8991,110.0,591139.0,0,0.012234456678901124,65747.8589700812,5373.990909090909,0.2073406740073407
140,0.6,80,5500,104.0,354258.0,0,0.01890909090909091,64410.545454545456,3406.326923076923,0.20043636363636363
140,0.7000000000000001,80,2996,97.0,192761.0,0,0.03237650200267023,64339.4526034713,1987.2268041237114,0.19578953756523854
140,0.8,80,1138,83.0,77384.0,0,0.07293497363796134,68000.0,932.3373493975904,0.1946700750918677
140,0.9,80,275,70.0,24408.0,0,0.2545454545454545,88756.36363636363,348.6857142857143,0.28
140,0.1,100,99516,163.0,6249924.0,3080,0.0016379275694360705,62803.20752441818,38343.092024539874,0.297346392905298
140,0.2,100,48956,156.0,3272126.0,0,0.0031865348476182694,66838.09951793446,20975.166666666668,0.2855482845449346
140,0.30000000000000004,100,26358,137.0,1793080.0,0,0.005197662948630397,68027.92321116928,13088.175182481751,0.2522095068600873
140,0.4,100,15078,124.0,1034048.0,0,0.008223902374320202,68579.91776097626,8339.09677419355,0.23038888687913758
140,0.5,100,9130,113.0,616507.0,0,0.012376779846659365,67525.41073384446,5455.814159292036,0.2128806133625411
140,0.6,100,5581,105.0,368705.0,0,0.018813832646479126,66064.3253897151,3511.4761904761904,0.20219739049697838
140,0.7000000000000001,100,3049,98.0,202296.0,0,0.0321416857986225,66348.31092161365,2064.2448979591836,0.1974668296609917
140,0.8,100,1153,85.0,80060.0,0,0.07372072853425846,69436.25325238508,941.8823529411765,0.19877789166600962
140,0.9,100,278,70.0,24999.0,0,0.2517985611510791,89924.46043165466,357.12857142857143,0.27835186396337475
140,0.1,120,99605,165.0,6249978.0,5465,0.0016565433462175593,62747.63315094623,37878.65454545455,0.30099392600773056
140,0.2,120,49478,158.0,3365864.0,0,0.0031933384534540603,68027.48696390315,21302.936708860758,0.28918873034479975
140,0.30000000000000004,120,26687,141.0,1853183.0,0,0.005283471353093266,69441.41342226553,13143.14184397163,0.2595337191754923
140,0.4,120,15296,128.0,1074981.0,0,0.008368200836820083,70278.56956066946,8398.2890625,0.23774819322936477
140,0.5,120,9263,115.0,642131.0,0,0.012414984346324084,69322.14185469071,5583.747826086957,0.21653989969870355
140,0.6,120,5676,107.0,387006.0,0,0.018851303735024666,68182.87526427061,3616.878504672897,0.2058562367864694
140,0.7000000000000001,120,3083,99.0,208782.0,0,0.03211157963023029,67720.40220564386,2108.909090909091,0.1992669477781382
140,0.8,120,1173,85.0,83936.0,0,0.07246376811594203,71556.69224211424,987.4823529411765,0.19802371541501976
140,0.9,120,282,70.0,25771.0,0,0.24822695035460993,91386.52482269505,368.15714285714284,0.27620889748549327
160,0.1,20,100143,148.0,6249869.0,8380,0.0014778866221303536,62409.44449437305,42228.84459459459,0.2699776410641873
160,0.2,20,49892,147.0,3398087.0,0,0.0029463641465565624,68108.85512707448,23116.238095238095,0.2690405457606612
160,0.30000000000000004,20,26686,130.0,1829485.0,0,0.004871468185565465,68555.9844113018,14072.961538461539,0.23928651727497566
160,0.4,20,15062,118.0,1021247.0,0,0.007834284955517195,67802.88142344974,8654.635593220339,0.21924602551876488
160,0.5,20,9050,107.0,597246.0,0,0.011823204419889502,65994.03314917127,5581.738317757009,0.20163937719738828
160,0.6,20,5509,101.0,353744.0,0,0.01833363586857869,64212.01669994554,3502.4158415841584,0.19463654515751086
160,0.7000000000000001,20,3002,93.0,192738.0,0,0.030979347101932047,64203.19786808795,2072.451612903226,0.18767851735206834
160,0.8,20,1144,79.0,77836.0,0,0.06905594405594405,68038.46153846155,985.2658227848101,0.18506993006993008
160,0.9,20,269,67.0,23215.0,0,0.24907063197026022,86301.11524163568,346.4925373134328,0.27126056100033796
160,0.1,40,100217,150.0,6249976.0,10369,0.0014967520480557192,62364.42918866061,41666.50666666667,0.2736253239561061
160,0.2,40,50386,152.0,3483564.0,0,0.003016710991148335,69137.53820505696,22918.184210526317,0.27817366295832535
160,0.30000000000000004,40,27012,136.0,1886057.0,0,0.005034799348437731,69822.93054938546,13868.066176470587,0.2502936068817899
160,0.4,40,15289,123.0,1060777.0,0,0.008044999672967493,69381.71234220681,8624.203252032521,0.22846336344014412
160,0.5,40,9216,112.0,626129.0,0,0.012152777777777778,67939.34461805556,5590.4375,0.21092803030303028
160,0.6,40,5606,105.0,370637.0,0,0.01872993221548341,66114.34177666786,3529.8761904761905,0.20214705023838098
160,0.7000000000000001,40,3052,97.0,201421.0,0,0.0317824377457405,65996.39580602883,2076.505154639175,0.1954330990110807
160,0.8,40,1162,83.0,80959.0,0,0.07142857142857142,69672.11703958693,975.4096385542168,0.19376623376623375
160,0.9,40,273,69.0,23917.0,0,0.25274725274725274,87608.0586080586,346.6231884057971,0.2771028971028971
160,0.1,60,100254,146.0,6249994.0,12254,0.0014563009954715023,62341.59235541724,42808.17808219178,0.2663283260518284
160,0.2,60,50885,154.0,3573615.0,0,0.0030264321509285643,70229.24240935443,23205.29220779221,0.28181585929055714
160,0.30000000000000004,60,27337,137.0,1945280.0,0,0.00501152284449647,71159.2347368036,14199.12408759124,0.25209782279760695
160,0.4,60,15506,125.0,1100400.0,0,0.008061395588804334,70966.07764736231,8803.2,0.2321095646260099
160,0.5,60,9355,114.0,651620.0,0,0.01218599679315874,69654.7300908605,5715.964912280701,0.2145843253486225
160,0.6,60,5692,106.0,386445.0,0,0.018622628250175684,67892.65635980324,3645.7075471698113,0.20390084967737815
160,0.7000000000000001,60,3097,97.0,209686.0,0,0.03132063287051986,67706.16725863739,2161.7113402061855,0.1951560160859483
160,0.8,60,1183,84.0,84776.0,0,0.07100591715976332,71661.87658495351,1009.2380952380952,0.19533082302313073
160,0.9,60,280,70.0,25277.0,0,0.25,90274.99999999999,361.1,0.2772727272727273
160,0.1,80,100301,147.0,6249944.0,14231,0.0014655885783790789,62311.8812374752,42516.62585034013,0.26815208041975475
160,0.2,80,51354,159.0,3662049.0,0,0.003096156093001519,71309.9076994976,23031.754716981133,0.29094860274671
160,0.30000000000000004,80,27657,142.0,2006390.0,0,0.005134324040929963,72545.46769353148,14129.507042253521,0.2612624126063762
160,0.4,80,15730,127.0,1143507.0,0,0.0080737444373808,72695.93134138589,9003.992125984252,0.2357533375715194
160,0.5,80,9493,114.0,678186.0,0,0.012008848625302855,71440.64047192669,5949.0,0.214478036447909
160,0.6,80,5777,108.0,402617.0,0,0.018694824303271594,69693.09330102129,3727.935185185185,0.20758053094559933
160,0.7000000000000001,80,3129,98.0,215817.0,0,0.03131991051454139,68973.15436241611,2202.214285714286,0.19697376449054302
160,0.8,80,1204,86.0,88830.0,0,0.07142857142857142,73779.06976744186,1032.906976744186,0.19922077922077921
160,0.9,80,282,70.0,25685.0,0,0.24822695035460993,91081.56028368796,366.92857142857144,0.27620889748549327
160,0.1,100,100336,146.0,6249989.0,16031,0.0014551108276191994,62290.59360548557,42808.143835616436,0.26632761195111704
160,0.2,100,51840,162.0,3756942.0,0,0.003125,72471.875,23191.0,0.29642045454545457
160,0.30000000000000004,100,27969,145.0,2067822.0,0,0.005184311201687583,73932.63970824842,14260.841379310345,0.26674695035737617
160,0.4,100,15912,130.0,1179694.0,0,0.008169934640522876,74138.63750628456,9074.569230769232,0.24126559714795012
160,0.5,100,9620,117.0,703689.0,0,0.012162162162162163,73148.5446985447,6014.4358974358975,0.22002457002457007
160,0.6,100,5852,110.0,417903.0,0,0.018796992481203006,71411.995898838,3799.1181818181817,0.21127819548872181
160,0.7000000000000001,100,3181,99.0,226203.0,0,0.031122288588494185,71110.65702609242,2284.878787878788,0.19867337315309652
160,0.8,100,1220,87.0,92119.0,0,0.07131147540983607,75507.37704918033,1058.83908045977,0.20096870342771983
160,0.9,100,286,71.0,26578.0,0,0.24825174825174826,92930.06993006993,374.3380281690141,0.2780419580419581
160,0.1,120,100347,148.0,6249969.0,17775,0.0014748821589085873,62283.56602589016,42229.52027027027,0.2699758383862543
160,0.2,120,52284,165.0,3846830.0,0,0.0031558411751204957,73575.66368296229,23314.121212121212,0.30189350470507237
160,0.30000000000000004,120,28253,148.0,2125852.0,0,0.0052383817647683436,75243.40777970481,14363.864864864865,0.2722339381497701
160,0.4,120,16100,133.0,1218203.0,0,0.00826086956521739,75664.78260869565,9159.421052631578,0.24677470355731226
160,0.5,120,9728,121.0,725935.0,0,0.012438322368421052,74623.25246710527,5999.462809917355,0.22746299342105267
160,0.6,120,5928,112.0,433349.0,0,0.018893387314439947,73102.05802968961,3869.1875,0.21497239602502757
160,0.7000000000000001,120,3215,101.0,233241.0,0,0.031415241057542766,72547.74494556765,2309.3168316831684,0.20248550827088932
160,0.8,120,1234,87.0,94901.0,0,0.07050243111831442,76905.18638573744,1090.816091954023,0.20048327685280684
160,0.9,120,288,72.0,26970.0,0,0.25,93645.83333333334,374.5833333333333,0.2809090909090909
180,0.1,20,100619,142.0,6249972.0,18807,0.0014112642741430546,62115.22674643954,44013.887323943665,0.2590285767463041
180,0.2,20,52092,155.0,3782209.0,0,0.0029755048759886357,72606.33110650387,24401.348387096776,0.28360348474377506
180,0.30000000000000004,20,27955,138.0,2051935.0,0,0.00493650509747809,73401.35932749062,14869.09420289855,0.2538709939675778
180,0.4,20,15837,126.0,1157767.0,0,0.007956052282629286,73105.19669129254,9188.626984126984,0.2338645404604867
180,0.5,20,9551,113.0,685533.0,0,0.011831221861585174,71776.04439325725,6066.66371681416,0.21255327857149658
180,0.6,20,5832,107.0,410672.0,0,0.018347050754458163,70417.00960219478,3838.0560747663553,0.20555368499812948
180,0.7000000000000001,20,3171,97.0,222375.0,0,0.030589719331441185,70127.71996215705,2292.5257731958764,0.1947174679625011
180,0.8,20,1214,85.0,90030.0,0,0.0700164744645799,74159.80230642504,1059.1764705882354,0.19655533922420249
180,0.9,20,281,71.0,25350.0,0,0.2526690391459075,90213.52313167258,357.0422535211268,0.2806923325784536
180,0.1,40,100664,143.0,6249953.0,20274,0.0014205674322498609,62087.27052372248,43705.96503496503,0.2608523404593499
180,0.2,40,52498,159.0,3860811.0,0,0.0030286868071164614,73542.05874509506,24281.830188679247,0.290908121175179
180,0.30000000000000004,40,28226,140.0,2104550.0,0,0.004959965988804649,74560.68872670588,15032.5,0.25752143413873735
180,0.4,40,16032,128.0,1195661.0,0,0.007984031936127744,74579.65319361277,9341.1015625,0.23751769188894936
180,0.5,40,9692,114.0,712915.0,0,0.011762278167560874,73557.05736690054,6253.640350877193,0.2143300941732638
180,0.6,40,5903,108.0,424519.0,0,0.018295781805861427,71915.80552261563,3930.7314814814813,0.20734110544715323
180,0.7000000000000001,40,3212,99.0,230403.0,0,0.030821917808219176,71731.94271481942,2327.3030303030305,0.19849315068493154
180,0.8,40,1231,85.0,93362.0,0,0.06904955320877336,75842.40454914703,1098.3764705882354,0.19597518647071854
180,0.9,40,286,71.0,26348.0,0,0.24825174825174826,92125.87412587414,371.09859154929575,0.2780419580419581
180,0.1,60,100716,145.0,6249930.0,22044,0.0014396918066642837,62054.98629810557,43102.96551724138,0.2645001787203622
180,0.2,60,52994,163.0,3961208.0,0,0.0030758199041400914,74748.2356493188,24301.889570552146,0.29820912830612045
180,0.30000000000000004,60,28568,144.0,2173811.0,0,0.00504060487258471,76092.51610193223,15095.909722222223,0.2648425447417327
180,0.4,60,16233,131.0,1236607.0,0,0.008069980903098626,76178.58682929834,9439.748091603053,0.24302380672367738
180,0.5,60,9813,118.0,737709.0,0,0.01202486497503312,75176.70437175175,6251.771186440678,0.22176037353047445
180,0.6,60,5983,108.0,440876.0,0,0.018051144910579978,73688.11632960054,4082.185185185185,0.20719432330998436
180,0.7000000000000001,60,3253,99.0,238684.0,0,0.030433446049800184,73373.50138333846,2410.949494949495,0.19826006762988013
180,0.8,60,1245,86.0,96270.0,0,0.06907630522088354,77325.30120481928,1119.4186046511627,0.19780941949616648
180,0.9,60,289,71.0,26953.0,0,0.24567474048442905,93262.97577854672,379.61971830985914,0.2764957533815665
180,0.1,80,100737,144.0,6249987.0,23686,0.0014294648440989904,62042.615920664706,43402.6875,0.2626758607246412
180,0.2,80,53428,166.0,4051688.0,0,0.0031069851014449354,75834.54368495921,24407.75903614458,0.30368237287904876
180,0.30000000000000004,80,28873,146.0,2237527.0,0,0.005056627298860527,77495.48020642123,15325.527397260274,0.2684885218338618
180,0.4,80,16449,134.0,1281554.0,0,0.008146391877925709,77910.75445315824,9563.835820895523,0.24852419876311907
180,0.5,80,9937,119.0,763514.0,0,0.011975445305424172,76835.46341954313,6416.084033613445,0.22354890354689086
180,0.6,80,6060,111.0,457021.0,0,0.018316831683168316,75416.00660066007,4117.306306306306,0.2128082808280828
180,0.7000000000000001,80,3295,101.0,247741.0,0,0.030652503793626707,75186.94992412746,2452.8811881188117,0.20202786591253968
180,0.8,80,1257,87.0,98911.0,0,0.06921241050119331,78688.1463802705,1136.9080459770114,0.19970926448253418
180,0.9,80,293,72.0,27852.0,0,0.24573378839590443,95058.0204778157,386.8333333333333,0.27834936394663357
180,0.1,100,100713,144.0,6249953.0,25259,0.0014298054868785558,62057.06313981314,43402.45138888889,0.262676065110309
180,0.2,100,53852,167.0,4142218.0,0,0.003101091881452871,76918.55455693383,24803.700598802396,0.3054970187652354
180,0.30000000000000004,100,29135,149.0,2294056.0,0,0.005114123905955037,78738.83645100394,15396.348993288591,0.273977565252664
180,0.4,100,16633,136.0,1321043.0,0,0.008176516563458186,79423.01448926833,9713.551470588236,0.2521786372108022
180,0.5,100,10044,121.0,786720.0,0,0.012046993229788928,78327.35961768219,6501.818181818182,0.22722819593787338
180,0.6,100,6117,115.0,469593.0,0,0.018800065391531798,76768.51397743993,4083.417391304348,0.22037094832582818
180,0.7000000000000001,100,3320,102.0,253031.0,0,0.03072289156626506,76214.15662650602,2480.6960784313724,0.20388828039430448
180,0.8,100,1269,87.0,101520.0,0,0.06855791962174941,80000.0,1166.896551724138,0.19931656995486785
180,0.9,100,298,72.0,28951.0,0,0.24161073825503357,97151.0067114094,402.09722222222223,0.27587553386211106
180,0.1,120,100718,145.0,6249897.0,26741,0.0014396632180940846,62053.426398459065,43102.737931034484,0.26450016156722006
180,0.2,120,54239,169.0,4226335.0,0,0.0031158391563266283,77920.59219380889,25007.899408284025,0.3091422307665233
180,0.30000000000000004,120,29382,151.0,2347987.0,0,0.005139200871281737,79912.42937853107,15549.582781456953,0.27762897506822365
180,0.4,120,16800,138.0,1357734.0,0,0.008214285714285714,80817.5,9838.652173913044,0.25583766233766236
180,0.5,120,10143,123.0,808033.0,0,0.012126589766341319,79664.10332248842,6569.373983739837,0.23091231749616842
180,0.6,120,6164,116.0,480220.0,0,0.01881894873458793,77907.20311486049,4139.827586206897,0.22220046014984365
180,0.7000000000000001,120,3356,105.0,261122.0,0,0.03128724672228844,77807.50893921335,2486.8761904761905,0.209681438942464
180,0.8,120,1280,89.0,104024.0,0,0.06953125,81268.75,1168.808988764045,0.20353693181818183
180,0.9,120,303,75.0,30171.0,0,0.24752475247524752,99574.25742574257,402.28,0.2848784878487849
200,0.1,20,100826,140.0,6249995.0,26576,0.0013885307361196516,61987.92970067245,44642.82142857143,0.25537857298712635
200,0.2,20,53943,161.0,4145274.0,0,0.002984631926292568,76845.44797286025,25747.043478260868,0.29451805188304825
200,0.30000000000000004,20,29106,143.0,2278261.0,0,0.0049130763416477706,78274.61691747405,15931.895104895106,0.26294784580498864
200,0.4,20,16564,130.0,1300928.0,0,0.007848345810190775,78539.48321661435,10007.138461538461,0.24107264384975086
200,0.5,20,10045,116.0,782705.0,0,0.011548033847685416,77919.8606271777,6747.456896551724,0.21783791121770216
200,0.6,20,6077,109.0,458865.0,0,0.017936481816685865,75508.47457627118,4209.770642201835,0.20894370727182973
200,0.7000000000000001,20,3306,99.0,248930.0,0,0.029945553539019964,75296.43073200242,2514.4444444444443,0.197967332123412
200,0.8,20,1265,86.0,100112.0,0,0.06798418972332015,79139.92094861661,1164.093023255814,0.19715415019762847
200,0.9,20,294,71.0,27923.0,0,0.24149659863945577,94976.19047619049,393.28169014084506,0.2739888682745826
200,0.1,40,100841,142.0,6249984.0,28245,0.001408157396297141,61978.59997421684,44013.971830985916,0.25902671261959653
200,0.2,40,54440,164.0,4250789.0,0,0.003012490815576782,78082.09037472447,25919.44512195122,0.2999893126711643
200,0.30000000000000004,40,29464,146.0,2354434.0,0,0.004955199565571545,79908.83790388271,16126.260273972603,0.26842766519388844
200,0.4,40,16802,134.0,1351496.0,0,0.007975241042733007,80436.61468872754,10085.791044776119,0.24842150826200346
200,0.5,40,10192,120.0,814048.0,0,0.011773940345368918,79871.2715855573,6783.733333333334,0.2252461823890395
200,0.6,40,6162,112.0,476986.0,0,0.018175916910094125,77407.65985069783,4258.803571428572,0.2145419137824201
200,0.7000000000000001,40,3352,101.0,258816.0,0,0.03013126491646778,77212.41050119331,2562.5346534653463,0.20171512258624433
200,0.8,40,1280,86.0,103326.0,0,0.0671875,80723.4375,1201.4651162790697,0.19667613636363637
200,0.9,40,299,72.0,29003.0,0,0.2408026755852843,97000.0,402.81944444444446,0.27539069626026147
200,0.1,60,100841,140.0,6249929.0,30099,0.0013883241935323926,61978.05456114081,44642.35,0.25537844906157403
200,0.2,60,54887,166.0,4349159.0,0,0.0030243955763659884,79238.41711152003,26199.753012048193,0.3036328191640014
200,0.30000000000000004,60,29752,148.0,2417585.0,0,0.004974455498789997,81257.89862866362,16335.033783783783,0.2720755823901831
200,0.4,60,16992,136.0,1393092.0,0,0.00800376647834275,81985.16949152542,10243.323529411764,0.2520749871597329
200,0.5,60,10302,121.0,838038.0,0,0.011745292176276451,81347.11706464764,6925.93388429752,0.2270471753057659
200,0.6,60,6221,113.0,489896.0,0,0.018164282269731553,78748.75421957884,4335.362831858407,0.21635311481638442
200,0.7000000000000001,60,3386,102.0,266276.0,0,0.030124040165386886,78640.28352037803,2610.549019607843,0.20352896955377758
200,0.8,60,1300,87.0,107801.0,0,0.06692307692307692,82923.84615384616,1239.0919540229886,0.19833566433566435
200,0.9,60,302,72.0,29697.0,0,0.23841059602649006,98334.43708609272,412.4583333333333,0.273955448524985
200,0.1,80,100840,139.0,6249995.0,31293,0.0013784212614042046,61979.32368107893,44963.9928057554,0.2535543254841153
200,0.2,80,55302,168.0,4441647.0,0,0.003037864815015732,80316.20917869156,26438.375,0.3072772643435549
200,0.30000000000000004,80,29998,149.0,2472960.0,0,0.004966997799853323,82437.49583305554,16597.046979865772,0.27388928958900294
200,0.4,80,17155,137.0,1429626.0,0,0.007986009909647334,83335.82046050714,10435.226277372263,0.2538825150366975
200,0.5,80,10400,123.0,860153.0,0,0.011826923076923077,82707.01923076923,6993.113821138211,0.23073251748251747
200,0.6,80,6280,115.0,503396.0,0,0.018312101910828025,80158.59872611465,4377.356521739131,0.22007817023740592
200,0.7000000000000001,80,3411,105.0,272032.0,0,0.030782761653474055,79751.39255350338,2590.7809523809524,0.20937874790117536
200,0.8,80,1307,89.0,109431.0,0,0.06809487375669472,83726.85539403214,1229.561797752809,0.20267510607219866
200,0.9,80,306,73.0,30634.0,0,0.238562091503268,100111.11111111111,419.64383561643837,0.2758645276292335
200,0.1,100,100828,137.0,6249988.0,32301,0.001358749553695402,61986.63069782203,45620.3503649635,0.24990615882312633
200,0.2,100,55577,170.0,4504173.0,0,0.0030588192957518396,81043.83108120266,26495.13529411765,0.3109262006683602
200,0.30000000000000004,100,30217,151.0,2522818.0,0,0.004997187013932555,83490.022172949,16707.403973509932,0.27754376675381415
200,0.4,100,17308,139.0,1464623.0,0,0.008030968338340652,84621.15784608274,10536.856115107914,0.25754585373027716
200,0.5,100,10493,125.0,881460.0,0,0.011912703707233394,84004.57447822357,7051.68,0.23442034949706733
200,0.6,100,6314,116.0,511297.0,0,0.018371872030408617,80978.30218561926,4407.732758620689,0.22193221412733607
200,0.7000000000000001,100,3436,106.0,277994.0,0,0.030849825378346914,80906.28637951106,2622.5849056603774,0.21123716795428088
200,0.8,100,1316,90.0,111648.0,0,0.06838905775075987,84838.90577507598,1240.5333333333333,0.20466979828681958
200,0.9,100,309,75.0,31409.0,0,0.24271844660194175,101647.24919093851,418.7866666666667,0.2819947043248014
200,0.1,120,100817,137.0,6249949.0,33162,0.0013588978049336917,61993.00713173374,45620.06569343065,0.2499062477738693
200,0.2,120,55770,170.0,4548745.0,0,0.0030482338174645865,81562.57844719382,26757.323529411766,0.31091984938138784
200,0.30000000000000004,120,30396,151.0,2564603.0,0,0.0049677589156467954,84373.04250559284,16984.12582781457,0.27752610989484267
200,0.4,120,17416,139.0,1489900.0,0,0.00798116674322462,85547.77216352778,10718.705035971223,0.25751597277320754
200,0.5,120,10557,125.0,896365.0,0,0.011840484986265037,84907.17059770768,7170.92,0.23437701826448631
200,0.6,120,6354,118.0,520970.0,0,0.018570978910922253,81990.87189172175,4415.0,0.22568804189200792
200,0.7000000000000001,120,3459,107.0,283457.0,0,0.030933795894767274,81947.67273778548,2649.1308411214955,0.21310573208231495
200,0.8,120,1322,90.0,113109.0,0,0.0680786686838124,85559.0015128593,1256.7666666666667,0.2044835648466511
200,0.9,120,311,75.0,31930.0,0,0.24115755627009647,102668.81028938906,425.73333333333335,0.28105817012569423
220,0.1,20,100881,134.0,6249891.0,34983,0.0013282976972869025,61953.10316115027,46640.977611940296,0.24443334225473579
220,0.2,20,56051,166.0,4600136.0,0,0.0029615885532818325,82070.54289843178,27711.66265060241,0.3035951349501509
220,0.30000000000000004,20,30449,147.0,2568337.0,0,0.004827744753522283,84348.81276889224,17471.680272108842,0.27016937412484066
220,0.4,20,17406,135.0,1482245.0,0,0.0077559462254395035,85157.12972538205,10979.592592592593,0.2501081131898092
220,0.5,20,10557,121.0,892476.0,0,0.011461589466704556,84538.789428815,7375.834710743801,0.22687695368002275
220,0.6,20,6349,113.0,517088.0,0,0.01779807843754922,81444.00693022522,4576.0,0.216133392517075
220,0.7000000000000001,20,3423,103.0,274158.0,0,0.03009056383289512,80092.9009640666,2661.7281553398057,0.20532706557246436
220,0.8,20,1317,88.0,111370.0,0,0.06681852695520121,84563.40167046318,1265.5681818181818,0.20009111617312075
220,0.9,20,306,72.0,30519.0,0,0.23529411764705882,99735.29411764706,423.875,0.2720855614973262
220,0.1,40,100884,135.0,6249889.0,35882,0.0013381705721422625,61951.24102930098,46295.474074074074,0.24625744779783085
220,0.2,40,56306,167.0,4658677.0,0,0.002965936134692573,82738.55361773168,27896.269461077845,0.3054159253171792
220,0.30000000000000004,40,30676,148.0,2620345.0,0,0.004824618594340853,85420.03520667623,17705.033783783783,0.27198568024751363
220,0.4,40,17616,136.0,1530241.0,0,0.007720254314259764,86866.54178019983,11251.77205882353,0.2519048798612831
220,0.5,40,10668,123.0,918055.0,0,0.011529808773903262,86056.8991376078,7463.861788617886,0.23055424890070558
220,0.6,40,6397,115.0,528279.0,0,0.017977176801625763,82582.30420509614,4593.730434782608,0.21987721517188458
220,0.7000000000000001,40,3444,104.0,279075.0,0,0.030197444831591175,81032.2299651568,2683.4134615384614,0.2072093759898638
220,0.8,40,1325,88.0,113253.0,0,0.06641509433962264,85473.96226415095,1286.965909090909,0.1998490566037736
220,0.9,40,310,73.0,31455.0,0,0.23548387096774193,101467.74193548388,430.8904109589041,0.2740175953079179
220,0.1,60,100873,135.0,6249950.0,36557,0.0013383164969813528,61958.60140969337,46295.92592592593,0.24625753535273429
220,0.2,60,56509,168.0,4706673.0,0,0.0029729777557557205,83290.67936080978,28015.910714285714,0.3072383321079989
220,0.30000000000000004,60,30795,149.0,2648705.0,0,0.004838447799967527,86010.87838934892,17776.543624161073,0.27381215958907146
220,0.4,60,17727,137.0,1556325.0,0,0.007728324025497828,87794.0429852767,11360.036496350365,0.2537279035062078
220,0.5,60,10747,124.0,936621.0,0,0.011538103656834466,87151.85633199963,7553.395161290323,0.23237740764864614
220,0.6,60,6436,116.0,537615.0,0,0.018023617153511497,83532.47358607831,4634.612068965517,0.2217232612011978
220,0.7000000000000001,60,3467,105.0,284701.0,0,0.03028554946639746,82117.39255840784,2711.4380952380952,0.2090804205889294
220,0.8,60,1334,89.0,115445.0,0,0.06671664167916042,86540.47976011994,1297.1348314606741,0.20184816682567808
220,0.9,60,312,73.0,31940.0,0,0.23397435897435898,102371.79487179487,437.5342465753425,0.27311188811188813
220,0.1,80,100861,132.0,6249949.0,37191,0.0013087318190380822,61965.96305807002,47348.09848484849,0.24078523909142285
220,0.2,80,56672,170.0,4746396.0,0,0.002999717673630717,83752.0468661773,27919.976470588233,0.3108907396950875
220,0.30000000000000004,80,30894,151.0,2672987.0,0,0.004887680455751926,86521.2338965495,17701.900662251657,0.27747806281890575
220,0.4,80,17806,139.0,1575616.0,0,0.007806357407615411,88487.92541839828,11335.366906474821,0.25741108717184197
220,0.5,80,10797,126.0,948845.0,0,0.011669908307863295,87880.42974900435,7530.515873015873,0.2360928540756271
220,0.6,80,6467,118.0,545405.0,0,0.01824648214009587,84336.63213236432,4622.076271186441,0.22549334382951208
220,0.7000000000000001,80,3480,106.0,288006.0,0,0.03045977011494253,82760.3448275862,2717.0377358490564,0.21100313479623828
220,0.8,80,1345,91.0,118174.0,0,0.06765799256505577,87861.71003717472,1298.6153846153845,0.2060493409935789
220,0.9,80,315,75.0,32720.0,0,0.23809523809523808,103873.01587301587,436.26666666666665,0.2792207792207792
220,0.1,100,100837,130.0,6249833.0,37831,0.0012892093180082707,61979.56107381219,48075.63846153846,0.23713716195444134
220,0.2,100,56811,170.0,4781155.0,0,0.0029923782366091073,84158.96569326363,28124.441176470587,0.3108863360328745
220,0.30000000000000004,100,30990,151.0,2696756.0,0,0.004872539528880284,87020.20006453696,17859.311258278147,0.2774689782627828
220,0.4,100,17865,139.0,1590626.0,0,0.00778057654631962,89035.88021270641,11443.352517985611,0.2573956186550645
220,0.5,100,10836,126.0,958812.0,0,0.011627906976744186,88483.94241417498,7609.619047619048,0.23606765327695564
220,0.6,100,6488,118.0,550748.0,0,0.018187422934648582,84887.17632552404,4667.35593220339,0.2254579083062437
220,0.7000000000000001,100,3492,107.0,291104.0,0,0.030641466208476516,83363.1156930126,2720.5981308411215,0.21293033427054048
220,0.8,100,1352,92.0,119957.0,0,0.06804733727810651,88725.59171597632,1303.8804347826087,0.20810112963959118
220,0.9,100,317,75.0,33250.0,0,0.23659305993690852,104889.58990536278,443.3333333333333,0.27831947232578147
220,0.1,120,100803,130.0,6249971.0,38344,0.00128964415741595,62001.8352628394,48076.7,0.23713742285808595
220,0.2,120,56955,170.0,4816975.0,0,0.0029848125713282415,84575.10315161092,28335.147058823528,0.310881796633706
220,0.30000000000000004,120,31074,151.0,2717766.0,0,0.004859367960352706,87461.0928750724,17998.450331125827,0.2774610753216662
220,0.4,120,17901,139.0,1599804.0,0,0.007764929333556785,89369.53242835596,11509.381294964029,0.2573862303274068
220,0.5,120,10867,126.0,966803.0,0,0.011594736357780437,88966.8721818349,7673.039682539683,0.2360477509055774
220,0.6,120,6508,118.0,555957.0,0,0.018131530424093423,85426.70559311616,4711.5,0.22542437279991062
220,0.7000000000000001,120,3505,107.0,294497.0,0,0.03052781740370899,84021.96861626249,2752.308411214953,0.21286214498767997
220,0.8,120,1357,92.0,121307.0,0,0.06779661016949153,89393.51510685336,1318.554347826087,0.20795069337442218
220,0.9,120,317,75.0,33250.0,0,0.23659305993690852,104889.58990536278,443.3333333333333,0.27831947232578147
